{
    "parent": "builtin/entity",
    "gui_light": "front",
    "textures": {
        "particle": "cataclysm:item/coral_spear"
    },
    "display": {
        "thirdperson_righthand": {
            "rotation": [ 0, 60, 0 ],
            "translation": [ 11, 17, -2 ],
            "scale": [ 1, 1, 1 ]
        },
        "thirdperson_lefthand": {
            "rotation": [ 0, 60, 0 ],
            "translation": [ 3, 17, 12 ],
            "scale": [ 1, 1, 1 ]
        },
        "firstperson_righthand": {
            "rotation": [ 0, -90, 25 ],
            "translation": [ -3, 17, 1],
            "scale": [ 1, 1, 1 ]
        },
        "firstperson_lefthand": {
            "rotation": [ 0, 90, -25 ],
            "translation": [ 13, 17, 1],
            "scale": [ 1, 1, 1 ]
        },
        "gui": {
            "rotation": [
                0,
                0,
                -45
            ],
            "translation": [
                12,
                5,
                0
            ],
            "scale": [
                0.7,
                0.7,
                0.7
            ]
        },
        "fixed": {
            "rotation": [
                0,
                0,
                45
            ],
            "translation": [
                -5,
                14,
                7
            ],
            "scale": [
                0.8,
                0.8,
                0.8
            ]
        },
        "ground": {
            "rotation": [ 0, 0, 0 ],
            "translation": [ 8, 30, 8],
            "scale":[ 1.0, 1.0, 1.0]
        }
    },
    "overrides": [
        {
            "predicate": {
                "throwing": 1
            },
            "model": "cataclysm:item/coral_spear_throwing"
        }
    ]
}
