{
	"credit": "Made with Blockbench",
	"texture_size": [32, 32],
	"textures": {
		"1": "endrem:item/black_eye",
		"particle": "endrem:item/black_eye"
	},
	"elements": [
		{
			"from": [4.5, 0.5, 4.5],
			"to": [11.5, 7.5, 11.5],
			"light_emission": 10,
			"rotation": {"angle": 0, "axis": "y", "origin": [4.5, 0.5, 3.5]},
			"faces": {
				"north": {"uv": [4, 8, 7.5, 11.5], "texture": "#1"},
				"east": {"uv": [8, 4, 11.5, 7.5], "texture": "#1"},
				"south": {"uv": [7.5, 8, 11, 11.5], "texture": "#1"},
				"west": {"uv": [11, 7.5, 14.5, 11], "texture": "#1"},
				"up": {"uv": [14.5, 14.5, 11, 11], "texture": "#1"},
				"down": {"uv": [7.5, 11.5, 4, 15], "texture": "#1"}
			}
		},
		{
			"from": [12, 8, 12],
			"to": [4, 0, 4],
			"light_emission": 10,
			"rotation": {"angle": 0, "axis": "y", "origin": [4, 0, 4]},
			"faces": {
				"north": {"uv": [4, 0, 8, 4], "rotation": 180, "texture": "#1"},
				"east": {"uv": [4, 4, 8, 8], "rotation": 180, "texture": "#1"},
				"south": {"uv": [4, 0, 8, 4], "rotation": 180, "texture": "#1"},
				"west": {"uv": [4, 4, 8, 8], "rotation": 180, "texture": "#1"},
				"up": {"uv": [12, 0, 8, 4], "rotation": 180, "texture": "#1"},
				"down": {"uv": [12, 0, 8, 4], "rotation": 180, "texture": "#1"}
			}
		}
	],
	"display": {
		"thirdperson_righthand": {
			"rotation": [45, -135, 0],
			"translation": [-0.25, 3, 1.75],
			"scale": [0.65, 0.65, 0.65]
		},
		"thirdperson_lefthand": {
			"rotation": [45, -135, 0],
			"translation": [-0.25, 3, 1.75],
			"scale": [0.65, 0.65, 0.65]
		},
		"firstperson_righthand": {
			"rotation": [0, -60, 0],
			"translation": [0.75, 5.75, 2.25],
			"scale": [0.5, 0.5, 0.5]
		},
		"firstperson_lefthand": {
			"rotation": [0, -60, 0],
			"translation": [0, 5.75, 2.25],
			"scale": [0.5, 0.5, 0.5]
		},
		"ground": {
			"translation": [-0.5, 5.5, -0.5]
		},
		"gui": {
			"rotation": [25, 45, 0],
			"translation": [0.25, 3.5, 0]
		},
		"fixed": {
			"rotation": [-90, 180, 0],
			"translation": [0, 0, -16.05],
			"scale": [2, 2, 2]
		}
	}
}