{
	"credit": "Made with Blockbench",
	"texture_size": [32, 32],
	"textures": {
		"0": "endrem:item/cold_eye",
		"particle": "endrem:item/cold_eye"
	},
	"elements": [
		{
			"from": [12, 8, 12],
			"to": [4, 0, 4],
			"light_emission": 10,
			"rotation": {"angle": 0, "axis": "y", "origin": [4, 0, 4]},
			"faces": {
				"north": {"uv": [4, 0, 8, 4], "rotation": 180, "texture": "#0"},
				"east": {"uv": [4, 4, 8, 8], "rotation": 180, "texture": "#0"},
				"south": {"uv": [4, 0, 8, 4], "rotation": 180, "texture": "#0"},
				"west": {"uv": [4, 4, 8, 8], "rotation": 180, "texture": "#0"},
				"up": {"uv": [12, 0, 8, 4], "rotation": 180, "texture": "#0"},
				"down": {"uv": [12, 0, 8, 4], "rotation": 180, "texture": "#0"}
			}
		},
		{
			"from": [4.5, 0.5, 4.5],
			"to": [11.5, 7.5, 11.5],
			"light_emission": 10,
			"rotation": {"angle": 0, "axis": "y", "origin": [4.5, 0.5, 3.5]},
			"faces": {
				"north": {"uv": [4, 8, 7.5, 11.5], "texture": "#0"},
				"east": {"uv": [8, 4, 11.5, 7.5], "texture": "#0"},
				"south": {"uv": [7.5, 8, 11, 11.5], "texture": "#0"},
				"west": {"uv": [11, 7.5, 14.5, 11], "texture": "#0"},
				"up": {"uv": [14.5, 14.5, 11, 11], "texture": "#0"},
				"down": {"uv": [7.5, 11.5, 4, 15], "texture": "#0"}
			}
		},
		{
			"from": [4, 10, 9.5],
			"to": [2, 8, 7.5],
			"light_emission": 10,
			"rotation": {"angle": 0, "axis": "y", "origin": [2, 8, 7.5]},
			"faces": {
				"north": {"uv": [4, 0, 8, 4], "rotation": 180, "texture": "#0"},
				"east": {"uv": [4, 4, 8, 8], "rotation": 180, "texture": "#0"},
				"south": {"uv": [4, 0, 8, 4], "rotation": 180, "texture": "#0"},
				"west": {"uv": [4, 4, 8, 8], "rotation": 180, "texture": "#0"},
				"up": {"uv": [12, 0, 8, 4], "rotation": 180, "texture": "#0"},
				"down": {"uv": [12, 0, 8, 4], "rotation": 180, "texture": "#0"}
			}
		},
		{
			"from": [14, 10, 9.5],
			"to": [12, 8, 7.5],
			"light_emission": 10,
			"rotation": {"angle": 0, "axis": "y", "origin": [12, 8, 7.5]},
			"faces": {
				"north": {"uv": [4, 0, 8, 4], "rotation": 180, "texture": "#0"},
				"east": {"uv": [4, 4, 8, 8], "rotation": 180, "texture": "#0"},
				"south": {"uv": [4, 0, 8, 4], "rotation": 180, "texture": "#0"},
				"west": {"uv": [4, 4, 8, 8], "rotation": 180, "texture": "#0"},
				"up": {"uv": [12, 0, 8, 4], "rotation": 180, "texture": "#0"},
				"down": {"uv": [12, 0, 8, 4], "rotation": 180, "texture": "#0"}
			}
		},
		{
			"from": [14, 0, 9.5],
			"to": [12, -2, 7.5],
			"light_emission": 10,
			"rotation": {"angle": 0, "axis": "y", "origin": [12, -2, 7.5]},
			"faces": {
				"north": {"uv": [4, 0, 8, 4], "rotation": 180, "texture": "#0"},
				"east": {"uv": [4, 4, 8, 8], "rotation": 180, "texture": "#0"},
				"south": {"uv": [4, 0, 8, 4], "rotation": 180, "texture": "#0"},
				"west": {"uv": [4, 4, 8, 8], "rotation": 180, "texture": "#0"},
				"up": {"uv": [12, 0, 8, 4], "rotation": 180, "texture": "#0"},
				"down": {"uv": [12, 0, 8, 4], "rotation": 180, "texture": "#0"}
			}
		},
		{
			"from": [4, 0, 9.5],
			"to": [2, -2, 7.5],
			"light_emission": 10,
			"rotation": {"angle": 0, "axis": "y", "origin": [2, -2, 7.5]},
			"faces": {
				"north": {"uv": [4, 0, 8, 4], "rotation": 180, "texture": "#0"},
				"east": {"uv": [4, 4, 8, 8], "rotation": 180, "texture": "#0"},
				"south": {"uv": [4, 0, 8, 4], "rotation": 180, "texture": "#0"},
				"west": {"uv": [4, 4, 8, 8], "rotation": 180, "texture": "#0"},
				"up": {"uv": [12, 0, 8, 4], "rotation": 180, "texture": "#0"},
				"down": {"uv": [12, 0, 8, 4], "rotation": 180, "texture": "#0"}
			}
		},
		{
			"from": [4, 5.5, 9.5],
			"to": [2, 2.5, 7.5],
			"light_emission": 10,
			"rotation": {"angle": 0, "axis": "y", "origin": [2, 2.5, 7.5]},
			"faces": {
				"north": {"uv": [4, 0, 8, 4], "rotation": 180, "texture": "#0"},
				"east": {"uv": [4, 4, 8, 8], "rotation": 180, "texture": "#0"},
				"south": {"uv": [4, 0, 8, 4], "rotation": 180, "texture": "#0"},
				"west": {"uv": [4, 4, 8, 8], "rotation": 180, "texture": "#0"},
				"up": {"uv": [12, 0, 8, 4], "rotation": 180, "texture": "#0"},
				"down": {"uv": [12, 0, 8, 4], "rotation": 180, "texture": "#0"}
			}
		},
		{
			"from": [14, 5.5, 9.5],
			"to": [12, 2.5, 7.5],
			"light_emission": 10,
			"rotation": {"angle": 0, "axis": "y", "origin": [12, 2.5, 7.5]},
			"faces": {
				"north": {"uv": [4, 0, 8, 4], "rotation": 180, "texture": "#0"},
				"east": {"uv": [4, 4, 8, 8], "rotation": 180, "texture": "#0"},
				"south": {"uv": [4, 0, 8, 4], "rotation": 180, "texture": "#0"},
				"west": {"uv": [4, 4, 8, 8], "rotation": 180, "texture": "#0"},
				"up": {"uv": [12, 0, 8, 4], "rotation": 180, "texture": "#0"},
				"down": {"uv": [12, 0, 8, 4], "rotation": 180, "texture": "#0"}
			}
		},
		{
			"from": [9.5, 10, 9.5],
			"to": [6.5, 8, 7.5],
			"light_emission": 10,
			"rotation": {"angle": 0, "axis": "y", "origin": [6.5, 10, 7.5]},
			"faces": {
				"north": {"uv": [4, 0, 8, 4], "rotation": 90, "texture": "#0"},
				"east": {"uv": [12, 0, 8, 4], "rotation": 270, "texture": "#0"},
				"south": {"uv": [4, 0, 8, 4], "rotation": 270, "texture": "#0"},
				"west": {"uv": [12, 0, 8, 4], "rotation": 270, "texture": "#0"},
				"up": {"uv": [4, 4, 8, 8], "rotation": 270, "texture": "#0"},
				"down": {"uv": [4, 4, 8, 8], "rotation": 270, "texture": "#0"}
			}
		},
		{
			"from": [9.5, 0, 9.5],
			"to": [6.5, -2, 7.5],
			"light_emission": 10,
			"rotation": {"angle": 0, "axis": "y", "origin": [6.5, 0, 7.5]},
			"faces": {
				"north": {"uv": [4, 0, 8, 4], "rotation": 90, "texture": "#0"},
				"east": {"uv": [12, 0, 8, 4], "rotation": 270, "texture": "#0"},
				"south": {"uv": [4, 0, 8, 4], "rotation": 270, "texture": "#0"},
				"west": {"uv": [12, 0, 8, 4], "rotation": 270, "texture": "#0"},
				"up": {"uv": [4, 4, 8, 8], "rotation": 270, "texture": "#0"},
				"down": {"uv": [4, 4, 8, 8], "rotation": 270, "texture": "#0"}
			}
		},
		{
			"from": [2, 4.5, 9],
			"to": [1, 3.5, 8],
			"light_emission": 10,
			"rotation": {"angle": 0, "axis": "y", "origin": [1, 3.5, 8]},
			"faces": {
				"north": {"uv": [4, 0, 8, 4], "rotation": 180, "texture": "#0"},
				"east": {"uv": [4, 4, 8, 8], "rotation": 180, "texture": "#0"},
				"south": {"uv": [4, 0, 8, 4], "rotation": 180, "texture": "#0"},
				"west": {"uv": [4, 4, 8, 8], "rotation": 180, "texture": "#0"},
				"up": {"uv": [12, 0, 8, 4], "rotation": 180, "texture": "#0"},
				"down": {"uv": [12, 0, 8, 4], "rotation": 180, "texture": "#0"}
			}
		},
		{
			"from": [15, 4.5, 9],
			"to": [14, 3.5, 8],
			"light_emission": 10,
			"rotation": {"angle": 0, "axis": "y", "origin": [14, 3.5, 8]},
			"faces": {
				"north": {"uv": [4, 0, 8, 4], "rotation": 180, "texture": "#0"},
				"east": {"uv": [4, 4, 8, 8], "rotation": 180, "texture": "#0"},
				"south": {"uv": [4, 0, 8, 4], "rotation": 180, "texture": "#0"},
				"west": {"uv": [4, 4, 8, 8], "rotation": 180, "texture": "#0"},
				"up": {"uv": [12, 0, 8, 4], "rotation": 180, "texture": "#0"},
				"down": {"uv": [12, 0, 8, 4], "rotation": 180, "texture": "#0"}
			}
		},
		{
			"from": [8.5, 11, 9],
			"to": [7.5, 10, 8],
			"light_emission": 10,
			"rotation": {"angle": 0, "axis": "y", "origin": [7.5, 10, 8]},
			"faces": {
				"north": {"uv": [4, 0, 8, 4], "rotation": 180, "texture": "#0"},
				"east": {"uv": [4, 4, 8, 8], "rotation": 180, "texture": "#0"},
				"south": {"uv": [4, 0, 8, 4], "rotation": 180, "texture": "#0"},
				"west": {"uv": [4, 4, 8, 8], "rotation": 180, "texture": "#0"},
				"up": {"uv": [12, 0, 8, 4], "rotation": 180, "texture": "#0"},
				"down": {"uv": [12, 0, 8, 4], "rotation": 180, "texture": "#0"}
			}
		},
		{
			"from": [8.5, -2, 9],
			"to": [7.5, -3, 8],
			"light_emission": 10,
			"rotation": {"angle": 0, "axis": "y", "origin": [7.5, -3, 8]},
			"faces": {
				"north": {"uv": [4, 0, 8, 4], "rotation": 180, "texture": "#0"},
				"east": {"uv": [4, 4, 8, 8], "rotation": 180, "texture": "#0"},
				"south": {"uv": [4, 0, 8, 4], "rotation": 180, "texture": "#0"},
				"west": {"uv": [4, 4, 8, 8], "rotation": 180, "texture": "#0"},
				"up": {"uv": [12, 0, 8, 4], "rotation": 180, "texture": "#0"},
				"down": {"uv": [12, 0, 8, 4], "rotation": 180, "texture": "#0"}
			}
		},
		{
			"from": [14.5, -1.5, 9],
			"to": [13.5, -2.5, 8],
			"light_emission": 10,
			"rotation": {"angle": 0, "axis": "y", "origin": [13.5, -2.5, 8]},
			"faces": {
				"north": {"uv": [4, 0, 8, 4], "rotation": 180, "texture": "#0"},
				"east": {"uv": [4, 4, 8, 8], "rotation": 180, "texture": "#0"},
				"south": {"uv": [4, 0, 8, 4], "rotation": 180, "texture": "#0"},
				"west": {"uv": [4, 4, 8, 8], "rotation": 180, "texture": "#0"},
				"up": {"uv": [12, 0, 8, 4], "rotation": 180, "texture": "#0"},
				"down": {"uv": [12, 0, 8, 4], "rotation": 180, "texture": "#0"}
			}
		},
		{
			"from": [14.5, 10.5, 9],
			"to": [13.5, 9.5, 8],
			"light_emission": 10,
			"rotation": {"angle": 0, "axis": "y", "origin": [13.5, 9.5, 8]},
			"faces": {
				"north": {"uv": [4, 0, 8, 4], "rotation": 180, "texture": "#0"},
				"east": {"uv": [4, 4, 8, 8], "rotation": 180, "texture": "#0"},
				"south": {"uv": [4, 0, 8, 4], "rotation": 180, "texture": "#0"},
				"west": {"uv": [4, 4, 8, 8], "rotation": 180, "texture": "#0"},
				"up": {"uv": [12, 0, 8, 4], "rotation": 180, "texture": "#0"},
				"down": {"uv": [12, 0, 8, 4], "rotation": 180, "texture": "#0"}
			}
		},
		{
			"from": [2.5, 10.5, 9],
			"to": [1.5, 9.5, 8],
			"light_emission": 10,
			"rotation": {"angle": 0, "axis": "y", "origin": [1.5, 9.5, 8]},
			"faces": {
				"north": {"uv": [4, 0, 8, 4], "rotation": 180, "texture": "#0"},
				"east": {"uv": [4, 4, 8, 8], "rotation": 180, "texture": "#0"},
				"south": {"uv": [4, 0, 8, 4], "rotation": 180, "texture": "#0"},
				"west": {"uv": [4, 4, 8, 8], "rotation": 180, "texture": "#0"},
				"up": {"uv": [12, 0, 8, 4], "rotation": 180, "texture": "#0"},
				"down": {"uv": [12, 0, 8, 4], "rotation": 180, "texture": "#0"}
			}
		},
		{
			"from": [2.5, -1.5, 9],
			"to": [1.5, -2.5, 8],
			"light_emission": 10,
			"rotation": {"angle": 0, "axis": "y", "origin": [1.5, -2.5, 8]},
			"faces": {
				"north": {"uv": [4, 0, 8, 4], "rotation": 180, "texture": "#0"},
				"east": {"uv": [4, 4, 8, 8], "rotation": 180, "texture": "#0"},
				"south": {"uv": [4, 0, 8, 4], "rotation": 180, "texture": "#0"},
				"west": {"uv": [4, 4, 8, 8], "rotation": 180, "texture": "#0"},
				"up": {"uv": [12, 0, 8, 4], "rotation": 180, "texture": "#0"},
				"down": {"uv": [12, 0, 8, 4], "rotation": 180, "texture": "#0"}
			}
		}
	],
	"display": {
		"thirdperson_righthand": {
			"rotation": [45, -135, 0],
			"translation": [-0.25, 3, 1.75],
			"scale": [0.65, 0.65, 0.65]
		},
		"thirdperson_lefthand": {
			"rotation": [45, -135, 0],
			"translation": [-0.25, 3, 1.75],
			"scale": [0.65, 0.65, 0.65]
		},
		"firstperson_righthand": {
			"rotation": [0, -60, 0],
			"translation": [0.75, 5.75, 2.25],
			"scale": [0.5, 0.5, 0.5]
		},
		"firstperson_lefthand": {
			"rotation": [0, -60, 0],
			"translation": [0, 5.75, 2.25],
			"scale": [0.5, 0.5, 0.5]
		},
		"ground": {
			"translation": [-0.5, 5.5, -0.5]
		},
		"gui": {
			"rotation": [25, 45, 0],
			"translation": [0.25, 3.5, 0]
		},
		"fixed": {
			"rotation": [-90, 180, 0],
			"translation": [0, 0, -16.05],
			"scale": [2, 2, 2]
		}
	},
	"groups": [
		0,
		1,
		{
			"name": "snowflake",
			"origin": [4, 0, 4],
			"color": 0,
			"children": [2, 3, 4, 5, 6, 7, 8, 9, 10, 11, 12, 13, 14, 15, 16, 17]
		}
	]
}