{
	"credit": "Made with Blockbench",
	"texture_size": [32, 32],
	"textures": {
		"0": "endrem:item/evil_eye",
		"particle": "endrem:item/evil_eye"
	},
	"elements": [
		{
			"from": [4.5, 0.5, 4.5],
			"to": [11.5, 7.5, 11.5],
			"light_emission": 10,
			"rotation": {"angle": 0, "axis": "y", "origin": [4.5, 0.5, 3.5]},
			"faces": {
				"north": {"uv": [4, 8, 7.5, 11.5], "texture": "#0"},
				"east": {"uv": [8, 4, 11.5, 7.5], "texture": "#0"},
				"south": {"uv": [7.5, 8, 11, 11.5], "texture": "#0"},
				"west": {"uv": [11, 7.5, 14.5, 11], "texture": "#0"},
				"up": {"uv": [14.5, 14.5, 11, 11], "texture": "#0"},
				"down": {"uv": [7.5, 11.5, 4, 15], "texture": "#0"}
			}
		},
		{
			"from": [12, 8, 12],
			"to": [4, 0, 4],
			"light_emission": 10,
			"rotation": {"angle": 0, "axis": "y", "origin": [4, 0, 4]},
			"faces": {
				"north": {"uv": [4, 0, 8, 4], "rotation": 180, "texture": "#0"},
				"east": {"uv": [4, 4, 8, 8], "rotation": 180, "texture": "#0"},
				"south": {"uv": [4, 0, 8, 4], "rotation": 180, "texture": "#0"},
				"west": {"uv": [4, 4, 8, 8], "rotation": 180, "texture": "#0"},
				"up": {"uv": [12, 0, 8, 4], "rotation": 180, "texture": "#0"},
				"down": {"uv": [12, 0, 8, 4], "rotation": 180, "texture": "#0"}
			}
		},
		{
			"from": [10, 10, 9],
			"to": [6, 8, 7],
			"light_emission": 10,
			"rotation": {"angle": 0, "axis": "y", "origin": [6, 8, 7]},
			"faces": {
				"north": {"uv": [4, 0, 8, 4], "rotation": 180, "texture": "#0"},
				"east": {"uv": [4, 4, 8, 8], "rotation": 180, "texture": "#0"},
				"south": {"uv": [4, 0, 8, 4], "rotation": 180, "texture": "#0"},
				"west": {"uv": [4, 4, 8, 8], "rotation": 180, "texture": "#0"},
				"down": {"uv": [12, 0, 8, 4], "rotation": 180, "texture": "#0"}
			}
		},
		{
			"from": [6.5, 7.5, 7.5],
			"to": [7.5, 9.5, 8.5],
			"rotation": {"angle": 0, "axis": "y", "origin": [6.5, 7.5, 7.5]},
			"faces": {
				"north": {"uv": [0, 1.5, 0.5, 2.5], "texture": "#0"},
				"east": {"uv": [0.5, 1.5, 1, 2.5], "texture": "#0"},
				"south": {"uv": [1, 1.5, 1.5, 2.5], "texture": "#0"},
				"west": {"uv": [1.5, 1.5, 2, 2.5], "texture": "#0"},
				"up": {"uv": [2, 1.5, 2.5, 2], "texture": "#0"},
				"down": {"uv": [2, 2, 2.5, 2.5], "texture": "#0"}
			}
		},
		{
			"from": [8.5, 7.5, 7.5],
			"to": [9.5, 9.5, 8.5],
			"rotation": {"angle": 0, "axis": "y", "origin": [8.5, 7.5, 7.5]},
			"faces": {
				"north": {"uv": [0, 2.5, 0.5, 3.5], "texture": "#0"},
				"east": {"uv": [0.5, 2.5, 1, 3.5], "texture": "#0"},
				"south": {"uv": [1, 2.5, 1.5, 3.5], "texture": "#0"},
				"west": {"uv": [1.5, 2.5, 2, 3.5], "texture": "#0"},
				"up": {"uv": [2, 2.5, 2.5, 3], "texture": "#0"},
				"down": {"uv": [2, 3, 2.5, 3.5], "texture": "#0"}
			}
		},
		{
			"from": [7.5, 8.5, 7.5],
			"to": [8.5, 9.5, 8.5],
			"rotation": {"angle": 0, "axis": "y", "origin": [7.5, 8.5, 7.5]},
			"faces": {
				"north": {"uv": [0, 3.5, 0.5, 4], "texture": "#0"},
				"east": {"uv": [0, 4, 0.5, 4.5], "texture": "#0"},
				"south": {"uv": [1, 3.5, 1.5, 4], "texture": "#0"},
				"west": {"uv": [0.5, 4, 1, 4.5], "texture": "#0"},
				"up": {"uv": [1, 4, 1.5, 4.5], "texture": "#0"},
				"down": {"uv": [0, 4.5, 0.5, 5], "texture": "#0"}
			}
		}
	],
	"display": {
		"thirdperson_righthand": {
			"rotation": [45, -135, 0],
			"translation": [-0.25, 3, 1.75],
			"scale": [0.65, 0.65, 0.65]
		},
		"thirdperson_lefthand": {
			"rotation": [45, -135, 0],
			"translation": [-0.25, 3, 1.75],
			"scale": [0.65, 0.65, 0.65]
		},
		"firstperson_righthand": {
			"rotation": [0, -60, 0],
			"translation": [0.75, 5.75, 2.25],
			"scale": [0.5, 0.5, 0.5]
		},
		"firstperson_lefthand": {
			"rotation": [0, -60, 0],
			"translation": [0, 5.75, 2.25],
			"scale": [0.5, 0.5, 0.5]
		},
		"ground": {
			"translation": [-0.5, 5.5, -0.5]
		},
		"gui": {
			"rotation": [25, 45, 0],
			"translation": [0.25, 3.5, 0]
		},
		"fixed": {
			"rotation": [-90, 180, 0],
			"translation": [0, 0, -16.05],
			"scale": [2, 2, 2]
		}
	},
	"groups": [
		0,
		1,
		2,
		{
			"name": "handle",
			"origin": [8, 8, 8],
			"color": 0,
			"children": [3, 4, 5]
		}
	]
}