{
	"credit": "Made with Blockbench",
	"texture_size": [32, 32],
	"textures": {
		"2": "irons_spellbooks:item/artificer_cane",
		"particle": "irons_spellbooks:item/artificer_cane"
	},
	"elements": [
		{
			"from": [7, -13, 7.8],
			"to": [9, -12, 9.8],
			"rotation": {"angle": 0, "axis": "y", "origin": [8, 0, 8.8]},
			"faces": {
				"north": {"uv": [3, 8.5, 4, 9], "texture": "#2"},
				"east": {"uv": [8.5, 4, 9.5, 4.5], "texture": "#2"},
				"south": {"uv": [9.5, 4, 8.5, 4.5], "texture": "#2"},
				"west": {"uv": [5, 8.5, 6, 9], "texture": "#2"},
				"up": {"uv": [1, 3.5, 0, 2.5], "texture": "#2"},
				"down": {"uv": [4, 0, 3, 1], "texture": "#2"}
			}
		},
		{
			"from": [6.5, 17, 7.3],
			"to": [9.5, 18, 10.3],
			"rotation": {"angle": 0, "axis": "y", "origin": [8, 0, 8.8]},
			"faces": {
				"north": {"uv": [8, 4.5, 9.5, 5], "texture": "#2"},
				"east": {"uv": [8, 5, 9.5, 5.5], "texture": "#2"},
				"south": {"uv": [9.5, 5, 8, 5.5], "texture": "#2"},
				"west": {"uv": [8, 6, 9.5, 6.5], "texture": "#2"},
				"up": {"uv": [3, 1.5, 1.5, 0], "texture": "#2"},
				"down": {"uv": [3, 1.5, 1.5, 3], "texture": "#2"}
			}
		},
		{
			"from": [6.5, 18, 8.8],
			"to": [9.5, 23, 8.8],
			"rotation": {"angle": 0, "axis": "y", "origin": [8, 0, 8.8]},
			"faces": {
				"north": {"uv": [0, 0, 1.5, 2.5], "texture": "#2"},
				"south": {"uv": [1.5, 0, 0, 2.5], "texture": "#2"}
			}
		},
		{
			"from": [8, 18, 7.3],
			"to": [8, 23, 10.3],
			"rotation": {"angle": 0, "axis": "y", "origin": [8, 0, 8.8]},
			"faces": {
				"east": {"uv": [1.5, 0, 0, 2.5], "texture": "#2"},
				"west": {"uv": [0, 0, 1.5, 2.5], "texture": "#2"}
			}
		},
		{
			"from": [6.5, 23, 7.3],
			"to": [9.5, 24, 10.3],
			"rotation": {"angle": 0, "axis": "y", "origin": [8, 0, 8.8]},
			"faces": {
				"north": {"uv": [8, 4.5, 9.5, 5], "texture": "#2"},
				"east": {"uv": [8, 5, 9.5, 5.5], "texture": "#2"},
				"south": {"uv": [9.5, 5, 8, 5.5], "texture": "#2"},
				"west": {"uv": [8, 6, 9.5, 6.5], "texture": "#2"},
				"up": {"uv": [1.5, 0, 3, 1.5], "texture": "#2"},
				"down": {"uv": [1.5, 1.5, 3, 3], "texture": "#2"}
			}
		},
		{
			"from": [7.5, 3.22437, 17.67843],
			"to": [8.5, 4.22437, 20.67843],
			"rotation": {"angle": -45, "axis": "x", "origin": [8, -6.35406, 8.1]},
			"faces": {
				"north": {"uv": [1, 2.5, 1.5, 3], "texture": "#2"},
				"east": {"uv": [1, 3, 2.5, 3.5], "texture": "#2"},
				"south": {"uv": [6.5, 8.5, 7, 9], "texture": "#2"},
				"west": {"uv": [3, 1, 4.5, 1.5], "texture": "#2"},
				"up": {"uv": [3.5, 3, 3, 1.5], "texture": "#2"},
				"down": {"uv": [3, 3, 2.5, 4.5], "texture": "#2"}
			}
		},
		{
			"from": [7.5, 2.22437, 16.67843],
			"to": [8.5, 3.22437, 19.67843],
			"rotation": {"angle": -45, "axis": "x", "origin": [8, -6.35406, 8.1]},
			"faces": {
				"north": {"uv": [7, 8.5, 7.5, 9], "texture": "#2"},
				"east": {"uv": [3, 3, 4.5, 3.5], "texture": "#2"},
				"south": {"uv": [8.5, 7, 9, 7.5], "texture": "#2"},
				"west": {"uv": [0, 3.5, 1.5, 4], "texture": "#2"},
				"up": {"uv": [2, 5, 1.5, 3.5], "texture": "#2"},
				"down": {"uv": [4, 1.5, 3.5, 3], "texture": "#2"}
			}
		},
		{
			"from": [7.5, 1.22437, 15.67843],
			"to": [8.5, 2.22437, 18.67843],
			"rotation": {"angle": -45, "axis": "x", "origin": [8, -6.35406, 8.1]},
			"faces": {
				"north": {"uv": [8.5, 7.5, 9, 8], "texture": "#2"},
				"east": {"uv": [3, 3.5, 4.5, 4], "texture": "#2"},
				"south": {"uv": [8, 8.5, 8.5, 9], "texture": "#2"},
				"west": {"uv": [0, 4, 1.5, 4.5], "texture": "#2"},
				"up": {"uv": [2.5, 5, 2, 3.5], "texture": "#2"},
				"down": {"uv": [4.5, 1.5, 4, 3], "texture": "#2"}
			}
		},
		{
			"from": [7.5, 0.22437, 14.67843],
			"to": [8.5, 1.22437, 17.67843],
			"rotation": {"angle": -45, "axis": "x", "origin": [8, -6.35406, 8.1]},
			"faces": {
				"north": {"uv": [8.5, 8.5, 9, 9], "texture": "#2"},
				"east": {"uv": [4, 0, 5.5, 0.5], "texture": "#2"},
				"south": {"uv": [0, 9, 0.5, 9.5], "texture": "#2"},
				"west": {"uv": [4, 0.5, 5.5, 1], "texture": "#2"},
				"up": {"uv": [3.5, 5.5, 3, 4], "texture": "#2"},
				"down": {"uv": [4, 4, 3.5, 5.5], "texture": "#2"}
			}
		},
		{
			"from": [7.5, -0.77563, 13.67843],
			"to": [8.5, 0.22437, 16.67843],
			"rotation": {"angle": -45, "axis": "x", "origin": [8, -6.35406, 8.1]},
			"faces": {
				"north": {"uv": [9, 0, 9.5, 0.5], "texture": "#2"},
				"east": {"uv": [4, 4, 5.5, 4.5], "texture": "#2"},
				"south": {"uv": [0.5, 9, 1, 9.5], "texture": "#2"},
				"west": {"uv": [0, 4.5, 1.5, 5], "texture": "#2"},
				"up": {"uv": [5, 2.5, 4.5, 1], "texture": "#2"},
				"down": {"uv": [3, 4.5, 2.5, 6], "texture": "#2"}
			}
		},
		{
			"from": [7.5, -1.77563, 12.67843],
			"to": [8.5, -0.77563, 15.67843],
			"rotation": {"angle": -45, "axis": "x", "origin": [8, -6.35406, 8.1]},
			"faces": {
				"north": {"uv": [9, 0.5, 9.5, 1], "texture": "#2"},
				"east": {"uv": [4.5, 2.5, 6, 3], "texture": "#2"},
				"south": {"uv": [9, 1, 9.5, 1.5], "texture": "#2"},
				"west": {"uv": [4.5, 3, 6, 3.5], "texture": "#2"},
				"up": {"uv": [4.5, 6, 4, 4.5], "texture": "#2"},
				"down": {"uv": [5, 4.5, 4.5, 6], "texture": "#2"}
			}
		},
		{
			"from": [7.5, -2.77563, 11.67843],
			"to": [8.5, -1.77563, 14.67843],
			"rotation": {"angle": -45, "axis": "x", "origin": [8, -6.35406, 8.1]},
			"faces": {
				"north": {"uv": [9, 1.5, 9.5, 2], "texture": "#2"},
				"east": {"uv": [4.5, 3.5, 6, 4], "texture": "#2"},
				"south": {"uv": [9, 2, 9.5, 2.5], "texture": "#2"},
				"west": {"uv": [0, 5, 1.5, 5.5], "texture": "#2"},
				"up": {"uv": [5.5, 2.5, 5, 1], "texture": "#2"},
				"down": {"uv": [2, 5, 1.5, 6.5], "texture": "#2"}
			}
		},
		{
			"from": [7.5, -3.77563, 10.67843],
			"to": [8.5, -2.77563, 13.67843],
			"rotation": {"angle": -45, "axis": "x", "origin": [8, -6.35406, 8.1]},
			"faces": {
				"north": {"uv": [2.5, 9, 3, 9.5], "texture": "#2"},
				"east": {"uv": [5, 4.5, 6.5, 5], "texture": "#2"},
				"south": {"uv": [9, 2.5, 9.5, 3], "texture": "#2"},
				"west": {"uv": [5, 5, 6.5, 5.5], "texture": "#2"},
				"up": {"uv": [2.5, 6.5, 2, 5], "texture": "#2"},
				"down": {"uv": [0.5, 5.5, 0, 7], "texture": "#2"}
			}
		},
		{
			"from": [7.5, -4.77563, 9.67843],
			"to": [8.5, -3.77563, 12.67843],
			"rotation": {"angle": -45, "axis": "x", "origin": [8, -6.35406, 8.1]},
			"faces": {
				"north": {"uv": [3, 9, 3.5, 9.5], "texture": "#2"},
				"east": {"uv": [5.5, 0, 7, 0.5], "texture": "#2"},
				"south": {"uv": [9, 3, 9.5, 3.5], "texture": "#2"},
				"west": {"uv": [5.5, 0.5, 7, 1], "texture": "#2"},
				"up": {"uv": [1, 7, 0.5, 5.5], "texture": "#2"},
				"down": {"uv": [1.5, 5.5, 1, 7], "texture": "#2"}
			}
		},
		{
			"from": [7.5, -5.77563, 8.67843],
			"to": [8.5, -4.77563, 11.67843],
			"rotation": {"angle": -45, "axis": "x", "origin": [8, -6.35406, 8.1]},
			"faces": {
				"north": {"uv": [3.5, 9, 4, 9.5], "texture": "#2"},
				"east": {"uv": [5.5, 1, 7, 1.5], "texture": "#2"},
				"south": {"uv": [9, 3.5, 9.5, 4], "texture": "#2"},
				"west": {"uv": [5.5, 1.5, 7, 2], "texture": "#2"},
				"up": {"uv": [3.5, 7, 3, 5.5], "texture": "#2"},
				"down": {"uv": [4, 5.5, 3.5, 7], "texture": "#2"}
			}
		},
		{
			"from": [7.5, -8.17563, 7.67843],
			"to": [8.5, -7.17563, 10.67843],
			"rotation": {"angle": -45, "axis": "x", "origin": [8, -7.75406, 8.1]},
			"faces": {
				"north": {"uv": [4, 9, 4.5, 9.5], "texture": "#2"},
				"east": {"uv": [5.5, 2, 7, 2.5], "texture": "#2"},
				"south": {"uv": [4.5, 9, 5, 9.5], "texture": "#2"},
				"west": {"uv": [5.5, 4, 7, 4.5], "texture": "#2"},
				"up": {"uv": [5.5, 7, 5, 5.5], "texture": "#2"},
				"down": {"uv": [6, 5.5, 5.5, 7], "texture": "#2"}
			}
		},
		{
			"from": [7.5, -9.57563, 7.67843],
			"to": [8.5, -8.57563, 10.67843],
			"rotation": {"angle": -45, "axis": "x", "origin": [8, -9.15406, 8.1]},
			"faces": {
				"north": {"uv": [5, 9, 5.5, 9.5], "texture": "#2"},
				"east": {"uv": [6, 2.5, 7.5, 3], "texture": "#2"},
				"south": {"uv": [5.5, 9, 6, 9.5], "texture": "#2"},
				"west": {"uv": [6, 3, 7.5, 3.5], "texture": "#2"},
				"up": {"uv": [3, 7.5, 2.5, 6], "texture": "#2"},
				"down": {"uv": [4.5, 6, 4, 7.5], "texture": "#2"}
			}
		},
		{
			"from": [7.5, -10.97563, 7.67843],
			"to": [8.5, -9.97563, 10.67843],
			"rotation": {"angle": -45, "axis": "x", "origin": [8, -10.55406, 8.1]},
			"faces": {
				"north": {"uv": [9, 5.5, 9.5, 6], "texture": "#2"},
				"east": {"uv": [6, 3.5, 7.5, 4], "texture": "#2"},
				"south": {"uv": [6, 9, 6.5, 9.5], "texture": "#2"},
				"west": {"uv": [6, 5.5, 7.5, 6], "texture": "#2"},
				"up": {"uv": [5, 7.5, 4.5, 6], "texture": "#2"},
				"down": {"uv": [6.5, 6, 6, 7.5], "texture": "#2"}
			}
		},
		{
			"from": [7.5, -12.37563, 7.67843],
			"to": [8.5, -11.37563, 10.67843],
			"rotation": {"angle": -45, "axis": "x", "origin": [8, -11.95406, 8.1]},
			"faces": {
				"north": {"uv": [6.5, 9, 7, 9.5], "texture": "#2"},
				"east": {"uv": [6.5, 4.5, 8, 5], "texture": "#2"},
				"south": {"uv": [9, 6.5, 9.5, 7], "texture": "#2"},
				"west": {"uv": [6.5, 5, 8, 5.5], "texture": "#2"},
				"up": {"uv": [2, 8, 1.5, 6.5], "texture": "#2"},
				"down": {"uv": [2.5, 6.5, 2, 8], "texture": "#2"}
			}
		},
		{
			"from": [7.5, -13.77563, 7.67843],
			"to": [8.5, -12.77563, 10.67843],
			"rotation": {"angle": -45, "axis": "x", "origin": [8, -13.35406, 8.1]},
			"faces": {
				"north": {"uv": [7, 9, 7.5, 9.5], "texture": "#2"},
				"east": {"uv": [6.5, 6, 8, 6.5], "texture": "#2"},
				"south": {"uv": [9, 7, 9.5, 7.5], "texture": "#2"},
				"west": {"uv": [6.5, 6.5, 8, 7], "texture": "#2"},
				"up": {"uv": [0.5, 8.5, 0, 7], "texture": "#2"},
				"down": {"uv": [7.5, 0, 7, 1.5], "texture": "#2"}
			}
		},
		{
			"from": [7.5, -15.17563, 8.67843],
			"to": [8.5, -14.17563, 10.67843],
			"rotation": {"angle": -45, "axis": "x", "origin": [8, -14.75406, 8.1]},
			"faces": {
				"north": {"uv": [7.5, 9, 8, 9.5], "texture": "#2"},
				"east": {"uv": [6.5, 8, 7.5, 8.5], "texture": "#2"},
				"south": {"uv": [9, 7.5, 9.5, 8], "texture": "#2"},
				"west": {"uv": [8, 6.5, 9, 7], "texture": "#2"},
				"down": {"uv": [8, 8, 7.5, 9], "texture": "#2"}
			}
		},
		{
			"from": [7.5, -6.77563, 7.67843],
			"to": [8.5, -5.77563, 10.67843],
			"rotation": {"angle": -45, "axis": "x", "origin": [8, -6.35406, 8.1]},
			"faces": {
				"north": {"uv": [8, 9, 8.5, 9.5], "texture": "#2"},
				"east": {"uv": [7, 1.5, 8.5, 2], "texture": "#2"},
				"south": {"uv": [9, 8, 9.5, 8.5], "texture": "#2"},
				"west": {"uv": [7, 2, 8.5, 2.5], "texture": "#2"},
				"up": {"uv": [1, 8.5, 0.5, 7], "texture": "#2"},
				"down": {"uv": [1.5, 7, 1, 8.5], "texture": "#2"}
			}
		},
		{
			"from": [7.5, 4.62437, 17.67843],
			"to": [8.5, 5.62437, 20.67843],
			"rotation": {"angle": -45, "axis": "x", "origin": [8, -4.95406, 8.1]},
			"faces": {
				"north": {"uv": [8.5, 9, 9, 9.5], "texture": "#2"},
				"east": {"uv": [7, 4, 8.5, 4.5], "texture": "#2"},
				"south": {"uv": [9, 8.5, 9.5, 9], "texture": "#2"},
				"west": {"uv": [6.5, 7, 8, 7.5], "texture": "#2"},
				"up": {"uv": [3.5, 8.5, 3, 7], "texture": "#2"},
				"down": {"uv": [4, 7, 3.5, 8.5], "texture": "#2"}
			}
		},
		{
			"from": [7.5, 6.02437, 17.67843],
			"to": [8.5, 7.02437, 20.67843],
			"rotation": {"angle": -45, "axis": "x", "origin": [8, -3.55406, 8.1]},
			"faces": {
				"north": {"uv": [9, 9, 9.5, 9.5], "texture": "#2"},
				"east": {"uv": [7.5, 0, 9, 0.5], "texture": "#2"},
				"south": {"uv": [0, 9.5, 0.5, 10], "texture": "#2"},
				"west": {"uv": [7.5, 0.5, 9, 1], "texture": "#2"},
				"up": {"uv": [5.5, 8.5, 5, 7], "texture": "#2"},
				"down": {"uv": [6, 7, 5.5, 8.5], "texture": "#2"}
			}
		},
		{
			"from": [7.5, 7.42437, 17.67843],
			"to": [8.5, 8.42437, 20.67843],
			"rotation": {"angle": -45, "axis": "x", "origin": [8, -2.15406, 8.1]},
			"faces": {
				"north": {"uv": [9.5, 0, 10, 0.5], "texture": "#2"},
				"east": {"uv": [7.5, 1, 9, 1.5], "texture": "#2"},
				"south": {"uv": [0.5, 9.5, 1, 10], "texture": "#2"},
				"west": {"uv": [7.5, 2.5, 9, 3], "texture": "#2"},
				"up": {"uv": [3, 9, 2.5, 7.5], "texture": "#2"},
				"down": {"uv": [4.5, 7.5, 4, 9], "texture": "#2"}
			}
		},
		{
			"from": [7.5, 8.82437, 17.67843],
			"to": [8.5, 9.82437, 20.67843],
			"rotation": {"angle": -45, "axis": "x", "origin": [8, -0.75406, 8.1]},
			"faces": {
				"north": {"uv": [9.5, 0.5, 10, 1], "texture": "#2"},
				"east": {"uv": [7.5, 3, 9, 3.5], "texture": "#2"},
				"south": {"uv": [1, 9.5, 1.5, 10], "texture": "#2"},
				"west": {"uv": [7.5, 3.5, 9, 4], "texture": "#2"},
				"up": {"uv": [5, 9, 4.5, 7.5], "texture": "#2"},
				"down": {"uv": [6.5, 7.5, 6, 9], "texture": "#2"}
			}
		},
		{
			"from": [7.5, 10.22437, 17.67843],
			"to": [8.5, 11.22437, 20.67843],
			"rotation": {"angle": -45, "axis": "x", "origin": [8, 0.64594, 8.1]},
			"faces": {
				"north": {"uv": [9.5, 1, 10, 1.5], "texture": "#2"},
				"east": {"uv": [7.5, 5.5, 9, 6], "texture": "#2"},
				"south": {"uv": [1.5, 9.5, 2, 10], "texture": "#2"},
				"west": {"uv": [6.5, 7.5, 8, 8], "texture": "#2"},
				"up": {"uv": [2, 9.5, 1.5, 8], "texture": "#2"},
				"down": {"uv": [2.5, 8, 2, 9.5], "texture": "#2"}
			}
		},
		{
			"from": [7.5, 11.62437, 17.67843],
			"to": [8.5, 12.62437, 19.67843],
			"rotation": {"angle": -45, "axis": "x", "origin": [8, 2.04594, 8.1]},
			"faces": {
				"north": {"uv": [9.5, 1.5, 10, 2], "texture": "#2"},
				"east": {"uv": [8, 8, 9, 8.5], "texture": "#2"},
				"west": {"uv": [0, 8.5, 1, 9], "texture": "#2"},
				"up": {"uv": [1.5, 9.5, 1, 8.5], "texture": "#2"}
			}
		}
	],
	"gui_light": "front",
	"display": {
		"thirdperson_righthand": {
			"translation": [0, 3, 1.25]
		},
		"thirdperson_lefthand": {
			"translation": [0, 3, 1.25]
		},
		"firstperson_righthand": {
			"translation": [1.5, 0, -2.75]
		},
		"firstperson_lefthand": {
			"translation": [1.5, 0, -2.75]
		},
		"ground": {
			"rotation": [0, 90, 0],
			"translation": [0, 11, 0],
			"scale": [0.6, 0.6, 0.6]
		},
		"gui": {
			"rotation": [-13, 128, 65],
			"translation": [0.5, 0.5, 0],
			"scale": [0.6, 0.6, 0.6]
		},
		"fixed": {
			"translation": [0, 1.75, -0.75],
			"scale": [0.55, 0.55, 0.55]
		}
	},
	"groups": [
		0,
		1,
		2,
		3,
		4,
		{
			"name": "stick",
			"origin": [7.8, 15.64594, 8.9],
			"color": 0,
			"children": [5, 6, 7, 8, 9, 10, 11, 12, 13, 14, 15, 16, 17, 18, 19, 20, 21, 22, 23, 24, 25, 26, 27]
		}
	]
}