{
	"credit": "Made with Blockbench",
	"texture_size": [32, 32],
	"textures": {
		"2": "irons_spellbooks:item/blood_staff",
		"particle": "irons_spellbooks:item/blood_staff"
	},
	"elements": [
		{
			"from": [8, 5, 9.3],
			"to": [8, 10, 12.3],
			"rotation": {"angle": 0, "axis": "y", "origin": [0, -6, 1.3]},
			"faces": {
				"east": {"uv": [5, 0, 6.5, 2.5], "texture": "#2"},
				"west": {"uv": [6.5, 0, 5, 2.5], "texture": "#2"}
			}
		},
		{
			"from": [8, 5, 4.9],
			"to": [8, 10, 7.9],
			"rotation": {"angle": 0, "axis": "y", "origin": [0, -6, -0.1]},
			"faces": {
				"east": {"uv": [5, 2.5, 6.5, 5], "texture": "#2"},
				"west": {"uv": [6.5, 2.5, 5, 5], "texture": "#2"}
			}
		},
		{
			"from": [8.5, 5, 8.7],
			"to": [11.5, 10, 8.7],
			"rotation": {"angle": 0, "axis": "y", "origin": [0.5, -6, 0.7]},
			"faces": {
				"north": {"uv": [5, 0, 6.5, 2.5], "texture": "#2"},
				"south": {"uv": [6.5, 0, 5, 2.5], "texture": "#2"}
			}
		},
		{
			"from": [4.5, 5, 8.7],
			"to": [7.5, 10, 8.7],
			"rotation": {"angle": 0, "axis": "y", "origin": [-0.5, -6, 0.7]},
			"faces": {
				"north": {"uv": [5, 2.5, 6.5, 5], "texture": "#2"},
				"south": {"uv": [6.5, 2.5, 5, 5], "texture": "#2"}
			}
		},
		{
			"from": [3, 13, 8.7],
			"to": [8, 24, 8.7],
			"rotation": {"angle": -45, "axis": "y", "origin": [8, 17, 8.7]},
			"faces": {
				"north": {"uv": [0, 0, 2.5, 5.5], "texture": "#2"},
				"south": {"uv": [2.5, 0, 5, 5.5], "texture": "#2"}
			}
		},
		{
			"from": [3, 13, 8.7],
			"to": [8, 24, 8.7],
			"rotation": {"angle": 45, "axis": "y", "origin": [8, 17, 8.7]},
			"faces": {
				"north": {"uv": [0, 0, 2.5, 5.5], "texture": "#2"},
				"south": {"uv": [2.5, 0, 5, 5.5], "texture": "#2"}
			}
		},
		{
			"from": [8, 13, 8.7],
			"to": [13, 24, 8.7],
			"rotation": {"angle": 45, "axis": "y", "origin": [8, 17, 8.7]},
			"faces": {
				"north": {"uv": [2.5, 0, 5, 5.5], "texture": "#2"},
				"south": {"uv": [0, 0, 2.5, 5.5], "texture": "#2"}
			}
		},
		{
			"from": [8, 13, 8.7],
			"to": [8, 24, 13.7],
			"rotation": {"angle": 45, "axis": "y", "origin": [8, 17, 8.7]},
			"faces": {
				"east": {"uv": [2.5, 0, 5, 5.5], "texture": "#2"},
				"west": {"uv": [0, 0, 2.5, 5.5], "texture": "#2"}
			}
		},
		{
			"from": [7, 19, 7.7],
			"to": [9, 21, 9.7],
			"rotation": {"angle": 0, "axis": "y", "origin": [0, -8, 0.7]},
			"faces": {
				"north": {"uv": [5, 5, 6, 6], "texture": "#2"},
				"east": {"uv": [6, 5, 5, 6], "texture": "#2"},
				"south": {"uv": [5, 5, 6, 6], "texture": "#2"},
				"west": {"uv": [6, 5, 5, 6], "texture": "#2"},
				"up": {"uv": [1, 6.5, 0, 5.5], "texture": "#2"},
				"down": {"uv": [2, 5.5, 1, 6.5], "texture": "#2"}
			}
		},
		{
			"from": [7.5, 3.52437, 17.47843],
			"to": [8.5, 4.52437, 20.47843],
			"rotation": {"angle": -45, "axis": "x", "origin": [8, -6.05406, 7.9]},
			"faces": {
				"north": {"uv": [9.5, 1, 10, 1.5], "texture": "#2"},
				"east": {"uv": [5, 6, 6.5, 6.5], "texture": "#2"},
				"south": {"uv": [3, 9.5, 3.5, 10], "texture": "#2"},
				"west": {"uv": [6, 5, 7.5, 5.5], "texture": "#2"},
				"up": {"uv": [0.5, 8, 0, 6.5], "texture": "#2"},
				"down": {"uv": [7, 0, 6.5, 1.5], "texture": "#2"}
			}
		},
		{
			"from": [7.5, 2.52437, 16.47843],
			"to": [8.5, 3.52437, 19.47843],
			"rotation": {"angle": -45, "axis": "x", "origin": [8, -6.05406, 7.9]},
			"faces": {
				"north": {"uv": [9.5, 3, 10, 3.5], "texture": "#2"},
				"east": {"uv": [6, 5.5, 7.5, 6], "texture": "#2"},
				"south": {"uv": [3.5, 9.5, 4, 10], "texture": "#2"},
				"west": {"uv": [0.5, 6.5, 2, 7], "texture": "#2"},
				"up": {"uv": [7, 3, 6.5, 1.5], "texture": "#2"},
				"down": {"uv": [2.5, 6.5, 2, 8], "texture": "#2"}
			}
		},
		{
			"from": [7.5, 1.52437, 15.47843],
			"to": [8.5, 2.52437, 18.47843],
			"rotation": {"angle": -45, "axis": "x", "origin": [8, -6.05406, 7.9]},
			"faces": {
				"north": {"uv": [4, 9.5, 4.5, 10], "texture": "#2"},
				"east": {"uv": [2.5, 6.5, 4, 7], "texture": "#2"},
				"south": {"uv": [9.5, 4, 10, 4.5], "texture": "#2"},
				"west": {"uv": [6.5, 3, 8, 3.5], "texture": "#2"},
				"up": {"uv": [7, 5, 6.5, 3.5], "texture": "#2"},
				"down": {"uv": [5.5, 6.5, 5, 8], "texture": "#2"}
			}
		},
		{
			"from": [7.5, 0.52437, 14.47843],
			"to": [8.5, 1.52437, 17.47843],
			"rotation": {"angle": -45, "axis": "x", "origin": [8, -6.05406, 7.9]},
			"faces": {
				"north": {"uv": [9.5, 4.5, 10, 5], "texture": "#2"},
				"east": {"uv": [5.5, 6.5, 7, 7], "texture": "#2"},
				"south": {"uv": [5, 9.5, 5.5, 10], "texture": "#2"},
				"west": {"uv": [6.5, 6, 8, 6.5], "texture": "#2"},
				"up": {"uv": [7.5, 1.5, 7, 0], "texture": "#2"},
				"down": {"uv": [1, 7, 0.5, 8.5], "texture": "#2"}
			}
		},
		{
			"from": [7.5, -0.47563, 13.47843],
			"to": [8.5, 0.52437, 16.47843],
			"rotation": {"angle": -45, "axis": "x", "origin": [8, -6.05406, 7.9]},
			"faces": {
				"north": {"uv": [9.5, 5, 10, 5.5], "texture": "#2"},
				"east": {"uv": [7, 1.5, 8.5, 2], "texture": "#2"},
				"south": {"uv": [6, 9.5, 6.5, 10], "texture": "#2"},
				"west": {"uv": [7, 2, 8.5, 2.5], "texture": "#2"},
				"up": {"uv": [1.5, 8.5, 1, 7], "texture": "#2"},
				"down": {"uv": [2, 7, 1.5, 8.5], "texture": "#2"}
			}
		},
		{
			"from": [7.5, -1.47563, 12.47843],
			"to": [8.5, -0.47563, 15.47843],
			"rotation": {"angle": -45, "axis": "x", "origin": [8, -6.05406, 7.9]},
			"faces": {
				"north": {"uv": [9.5, 6, 10, 6.5], "texture": "#2"},
				"east": {"uv": [2.5, 7, 4, 7.5], "texture": "#2"},
				"south": {"uv": [6.5, 9.5, 7, 10], "texture": "#2"},
				"west": {"uv": [7, 2.5, 8.5, 3], "texture": "#2"},
				"up": {"uv": [7.5, 5, 7, 3.5], "texture": "#2"},
				"down": {"uv": [6, 7, 5.5, 8.5], "texture": "#2"}
			}
		},
		{
			"from": [7.5, -2.47563, 11.47843],
			"to": [8.5, -1.47563, 14.47843],
			"rotation": {"angle": -45, "axis": "x", "origin": [8, -6.05406, 7.9]},
			"faces": {
				"north": {"uv": [7, 9.5, 7.5, 10], "texture": "#2"},
				"east": {"uv": [6, 7, 7.5, 7.5], "texture": "#2"},
				"south": {"uv": [9.5, 7, 10, 7.5], "texture": "#2"},
				"west": {"uv": [7, 6.5, 8.5, 7], "texture": "#2"},
				"up": {"uv": [8, 1.5, 7.5, 0], "texture": "#2"},
				"down": {"uv": [3, 7.5, 2.5, 9], "texture": "#2"}
			}
		},
		{
			"from": [7.5, -3.47563, 10.47843],
			"to": [8.5, -2.47563, 13.47843],
			"rotation": {"angle": -45, "axis": "x", "origin": [8, -6.05406, 7.9]},
			"faces": {
				"north": {"uv": [9.5, 7.5, 10, 8], "texture": "#2"},
				"east": {"uv": [3, 7.5, 4.5, 8], "texture": "#2"},
				"south": {"uv": [8, 9.5, 8.5, 10], "texture": "#2"},
				"west": {"uv": [7.5, 3.5, 9, 4], "texture": "#2"},
				"up": {"uv": [8, 5.5, 7.5, 4], "texture": "#2"},
				"down": {"uv": [5, 7.5, 4.5, 9], "texture": "#2"}
			}
		},
		{
			"from": [7.5, -4.47563, 9.47843],
			"to": [8.5, -3.47563, 12.47843],
			"rotation": {"angle": -45, "axis": "x", "origin": [8, -6.05406, 7.9]},
			"faces": {
				"north": {"uv": [9.5, 9, 10, 9.5], "texture": "#2"},
				"east": {"uv": [7.5, 5.5, 9, 6], "texture": "#2"},
				"south": {"uv": [9.5, 9.5, 10, 10], "texture": "#2"},
				"west": {"uv": [6, 7.5, 7.5, 8], "texture": "#2"},
				"up": {"uv": [8, 8.5, 7.5, 7], "texture": "#2"},
				"down": {"uv": [0.5, 8, 0, 9.5], "texture": "#2"}
			}
		},
		{
			"from": [7.5, -5.47563, 8.47843],
			"to": [8.5, -4.47563, 11.47843],
			"rotation": {"angle": -45, "axis": "x", "origin": [8, -6.05406, 7.9]},
			"faces": {
				"north": {"uv": [0.5, 10, 1, 10.5], "texture": "#2"},
				"east": {"uv": [8, 0, 9.5, 0.5], "texture": "#2"},
				"south": {"uv": [1, 10, 1.5, 10.5], "texture": "#2"},
				"west": {"uv": [8, 0.5, 9.5, 1], "texture": "#2"},
				"up": {"uv": [2.5, 9.5, 2, 8], "texture": "#2"},
				"down": {"uv": [3.5, 8, 3, 9.5], "texture": "#2"}
			}
		},
		{
			"from": [7.5, -7.87563, 7.47843],
			"to": [8.5, -6.87563, 10.47843],
			"rotation": {"angle": -45, "axis": "x", "origin": [8, -7.45406, 7.9]},
			"faces": {
				"north": {"uv": [10, 1, 10.5, 1.5], "texture": "#2"},
				"east": {"uv": [8, 1, 9.5, 1.5], "texture": "#2"},
				"south": {"uv": [1.5, 10, 2, 10.5], "texture": "#2"},
				"west": {"uv": [8, 3, 9.5, 3.5], "texture": "#2"},
				"up": {"uv": [4, 9.5, 3.5, 8], "texture": "#2"},
				"down": {"uv": [4.5, 8, 4, 9.5], "texture": "#2"}
			}
		},
		{
			"from": [7.5, -9.27563, 7.47843],
			"to": [8.5, -8.27563, 10.47843],
			"rotation": {"angle": -45, "axis": "x", "origin": [8, -8.85406, 7.9]},
			"faces": {
				"north": {"uv": [10, 1.5, 10.5, 2], "texture": "#2"},
				"east": {"uv": [8, 4, 9.5, 4.5], "texture": "#2"},
				"south": {"uv": [10, 2, 10.5, 2.5], "texture": "#2"},
				"west": {"uv": [8, 4.5, 9.5, 5], "texture": "#2"},
				"up": {"uv": [5.5, 9.5, 5, 8], "texture": "#2"},
				"down": {"uv": [6.5, 8, 6, 9.5], "texture": "#2"}
			}
		},
		{
			"from": [7.5, -10.67563, 7.47843],
			"to": [8.5, -9.67563, 10.47843],
			"rotation": {"angle": -45, "axis": "x", "origin": [8, -10.25406, 7.9]},
			"faces": {
				"north": {"uv": [10, 2.5, 10.5, 3], "texture": "#2"},
				"east": {"uv": [8, 5, 9.5, 5.5], "texture": "#2"},
				"south": {"uv": [3, 10, 3.5, 10.5], "texture": "#2"},
				"west": {"uv": [8, 6, 9.5, 6.5], "texture": "#2"},
				"up": {"uv": [7, 9.5, 6.5, 8], "texture": "#2"},
				"down": {"uv": [7.5, 8, 7, 9.5], "texture": "#2"}
			}
		},
		{
			"from": [7.5, -12.07563, 7.47843],
			"to": [8.5, -11.07563, 10.47843],
			"rotation": {"angle": -45, "axis": "x", "origin": [8, -11.65406, 7.9]},
			"faces": {
				"north": {"uv": [10, 3, 10.5, 3.5], "texture": "#2"},
				"east": {"uv": [8, 7, 9.5, 7.5], "texture": "#2"},
				"south": {"uv": [3.5, 10, 4, 10.5], "texture": "#2"},
				"west": {"uv": [8, 7.5, 9.5, 8], "texture": "#2"},
				"up": {"uv": [8.5, 9.5, 8, 8], "texture": "#2"},
				"down": {"uv": [1, 8.5, 0.5, 10], "texture": "#2"}
			}
		},
		{
			"from": [7.5, -13.47563, 7.47843],
			"to": [8.5, -12.47563, 10.47843],
			"rotation": {"angle": -45, "axis": "x", "origin": [8, -13.05406, 7.9]},
			"faces": {
				"north": {"uv": [10, 3.5, 10.5, 4], "texture": "#2"},
				"east": {"uv": [8.5, 1.5, 10, 2], "texture": "#2"},
				"south": {"uv": [4, 10, 4.5, 10.5], "texture": "#2"},
				"west": {"uv": [8.5, 2, 10, 2.5], "texture": "#2"},
				"up": {"uv": [1.5, 10, 1, 8.5], "texture": "#2"},
				"down": {"uv": [2, 8.5, 1.5, 10], "texture": "#2"}
			}
		},
		{
			"from": [7.5, -14.87563, 8.47843],
			"to": [8.5, -13.87563, 10.47843],
			"rotation": {"angle": -45, "axis": "x", "origin": [8, -14.45406, 7.9]},
			"faces": {
				"north": {"uv": [10, 4, 10.5, 4.5], "texture": "#2"},
				"east": {"uv": [9, 3.5, 10, 4], "texture": "#2"},
				"south": {"uv": [10, 4.5, 10.5, 5], "texture": "#2"},
				"west": {"uv": [9, 5.5, 10, 6], "texture": "#2"},
				"down": {"uv": [9.5, 9, 9, 10], "texture": "#2"}
			}
		},
		{
			"from": [7.5, -6.47563, 7.47843],
			"to": [8.5, -5.47563, 10.47843],
			"rotation": {"angle": -45, "axis": "x", "origin": [8, -6.05406, 7.9]},
			"faces": {
				"north": {"uv": [5, 10, 5.5, 10.5], "texture": "#2"},
				"east": {"uv": [8.5, 2.5, 10, 3], "texture": "#2"},
				"south": {"uv": [10, 5, 10.5, 5.5], "texture": "#2"},
				"west": {"uv": [8.5, 6.5, 10, 7], "texture": "#2"},
				"up": {"uv": [6, 10, 5.5, 8.5], "texture": "#2"},
				"down": {"uv": [8, 8.5, 7.5, 10], "texture": "#2"}
			}
		},
		{
			"from": [7.5, 4.92437, 17.47843],
			"to": [8.5, 5.92437, 20.47843],
			"rotation": {"angle": -45, "axis": "x", "origin": [8, -4.65406, 7.9]},
			"faces": {
				"north": {"uv": [5.5, 10, 6, 10.5], "texture": "#2"},
				"east": {"uv": [8.5, 8, 10, 8.5], "texture": "#2"},
				"south": {"uv": [10, 5.5, 10.5, 6], "texture": "#2"},
				"west": {"uv": [8.5, 8.5, 10, 9], "texture": "#2"},
				"up": {"uv": [3, 10.5, 2.5, 9], "texture": "#2"},
				"down": {"uv": [5, 9, 4.5, 10.5], "texture": "#2"}
			}
		},
		{
			"from": [7.5, 6.32437, 17.47843],
			"to": [8.5, 7.32437, 21.47843],
			"rotation": {"angle": -45, "axis": "x", "origin": [8, -3.25406, 7.9]},
			"faces": {
				"north": {"uv": [6, 10, 6.5, 10.5], "texture": "#2"},
				"east": {"uv": [2, 5.5, 4, 6], "texture": "#2"},
				"south": {"uv": [10, 6, 10.5, 6.5], "texture": "#2"},
				"west": {"uv": [2, 6, 4, 6.5], "texture": "#2"},
				"up": {"uv": [4.5, 7.5, 4, 5.5], "texture": "#2"},
				"down": {"uv": [5, 5.5, 4.5, 7.5], "texture": "#2"}
			}
		},
		{
			"from": [7.5, 7.72437, 17.47843],
			"to": [8.5, 8.72437, 19.47843],
			"rotation": {"angle": -45, "axis": "x", "origin": [8, -1.85406, 7.9]},
			"faces": {
				"north": {"uv": [6.5, 10, 7, 10.5], "texture": "#2"},
				"east": {"uv": [9.5, 0, 10.5, 0.5], "texture": "#2"},
				"south": {"uv": [10, 6.5, 10.5, 7], "texture": "#2"},
				"west": {"uv": [9.5, 0.5, 10.5, 1], "texture": "#2"},
				"up": {"uv": [0.5, 10.5, 0, 9.5], "texture": "#2"}
			}
		},
		{
			"from": [7.5, 8.42437, 16.77843],
			"to": [8.5, 9.42437, 17.77843],
			"rotation": {"angle": -45, "axis": "x", "origin": [8, -1.15406, 7.2]},
			"faces": {
				"north": {"uv": [7, 10, 7.5, 10.5], "texture": "#2"},
				"east": {"uv": [10, 7, 10.5, 7.5], "texture": "#2"},
				"south": {"uv": [7.5, 10, 8, 10.5], "texture": "#2"},
				"west": {"uv": [10, 7.5, 10.5, 8], "texture": "#2"},
				"up": {"uv": [8.5, 10.5, 8, 10], "texture": "#2"}
			}
		}
	],
	"gui_light": "front",
	"display": {
		"thirdperson_righthand": {
			"translation": [0, 3, 1.25]
		},
		"thirdperson_lefthand": {
			"translation": [0, 3, 1.25]
		},
		"firstperson_righthand": {
			"translation": [1.5, 0, -2.75]
		},
		"firstperson_lefthand": {
			"translation": [1.5, 0, -2.75]
		},
		"ground": {
			"rotation": [0, 90, 0],
			"translation": [0, 11, 0],
			"scale": [0.6, 0.6, 0.6]
		},
		"gui": {
			"rotation": [-13, 128, 65],
			"translation": [0.75, 0.5, 0],
			"scale": [0.6, 0.6, 0.6]
		},
		"fixed": {
			"translation": [0, 1.75, -0.75],
			"scale": [0.55, 0.55, 0.55]
		}
	},
	"groups": [
		{
			"name": "Stick",
			"origin": [0, 0, 0],
			"color": 0,
			"children": [0, 1, 2, 3]
		},
		{
			"name": "Staff_top",
			"origin": [8, 8, 8],
			"color": 0,
			"children": [
				4,
				5,
				6,
				7,
				{
					"name": "orb",
					"origin": [8, 8, 8],
					"color": 0,
					"children": [8]
				}
			]
		},
		{
			"name": "lezvie",
			"origin": [7.8, 15.64594, 8.9],
			"color": 0,
			"children": [9, 10, 11, 12, 13, 14, 15, 16, 17, 18, 19, 20, 21, 22, 23, 24, 25, 26, 27, 28, 29]
		}
	]
}