{
	"format_version": "1.21.6",
	"credit": "Made with Blockbench",
	"texture_size": [32, 32],
	"textures": {
		"2": "irons_spellbooks:item/boreal_blade",
		"particle": "irons_spellbooks:item/boreal_blade"
	},
	"elements": [
		{
			"from": [7, 21.92437, 17.67843],
			"to": [8, 22.92437, 24.67843],
			"rotation": {"angle": -45, "axis": "x", "origin": [7.5, 12.34594, 8.1]},
			"faces": {
				"north": {"uv": [12, 2.5, 12.5, 3], "texture": "#2"},
				"east": {"uv": [7, 5, 10.5, 5.5], "texture": "#2"},
				"south": {"uv": [13.5, 4.5, 14, 5], "texture": "#2"},
				"west": {"uv": [7, 5.5, 10.5, 6], "texture": "#2"},
				"up": {"uv": [1, 10.5, 0.5, 7], "texture": "#2"},
				"down": {"uv": [7.5, 6, 7, 9.5], "texture": "#2"}
			}
		},
		{
			"from": [7, 20.92437, 16.67843],
			"to": [8, 21.92437, 23.67843],
			"rotation": {"angle": -45, "axis": "x", "origin": [7.5, 12.34594, 8.1]},
			"faces": {
				"north": {"uv": [13.5, 12, 14, 12.5], "texture": "#2"},
				"east": {"uv": [7.5, 6, 11, 6.5], "texture": "#2"},
				"south": {"uv": [13.5, 12.5, 14, 13], "texture": "#2"},
				"west": {"uv": [7.5, 6.5, 11, 7], "texture": "#2"},
				"up": {"uv": [2.5, 11, 2, 7.5], "texture": "#2"},
				"down": {"uv": [3, 7.5, 2.5, 11], "texture": "#2"}
			}
		},
		{
			"from": [7, 19.92437, 15.67843],
			"to": [8, 20.92437, 23.67843],
			"rotation": {"angle": -45, "axis": "x", "origin": [7.5, 12.34594, 8.1]},
			"faces": {
				"north": {"uv": [13.5, 13, 14, 13.5], "texture": "#2"},
				"east": {"uv": [5, 1.5, 9, 2], "texture": "#2"},
				"south": {"uv": [13.5, 13.5, 14, 14], "texture": "#2"},
				"west": {"uv": [5, 2, 9, 2.5], "texture": "#2"},
				"up": {"uv": [4, 10, 3.5, 6], "texture": "#2"},
				"down": {"uv": [4.5, 6, 4, 10], "texture": "#2"}
			}
		},
		{
			"from": [7, 18.92437, 14.67843],
			"to": [8, 19.92437, 21.67843],
			"rotation": {"angle": -45, "axis": "x", "origin": [7.5, 12.34594, 8.1]},
			"faces": {
				"north": {"uv": [14, 0, 14.5, 0.5], "texture": "#2"},
				"east": {"uv": [7.5, 7, 11, 7.5], "texture": "#2"},
				"south": {"uv": [0.5, 14, 1, 14.5], "texture": "#2"},
				"west": {"uv": [7.5, 7.5, 11, 8], "texture": "#2"},
				"up": {"uv": [3.5, 11, 3, 7.5], "texture": "#2"},
				"down": {"uv": [7, 7.5, 6.5, 11], "texture": "#2"}
			}
		},
		{
			"from": [7, 17.92437, 13.67843],
			"to": [8, 18.92437, 20.67843],
			"rotation": {"angle": -45, "axis": "x", "origin": [7.5, 12.34594, 8.1]},
			"faces": {
				"north": {"uv": [14, 0.5, 14.5, 1], "texture": "#2"},
				"east": {"uv": [7.5, 8, 11, 8.5], "texture": "#2"},
				"south": {"uv": [1, 14, 1.5, 14.5], "texture": "#2"},
				"west": {"uv": [8.5, 2.5, 12, 3], "texture": "#2"},
				"up": {"uv": [8, 12, 7.5, 8.5], "texture": "#2"},
				"down": {"uv": [8.5, 8.5, 8, 12], "texture": "#2"}
			}
		},
		{
			"from": [7, 16.92437, 12.67843],
			"to": [8, 17.92437, 19.67843],
			"rotation": {"angle": -45, "axis": "x", "origin": [7.5, 12.34594, 8.1]},
			"faces": {
				"north": {"uv": [14, 1, 14.5, 1.5], "texture": "#2"},
				"east": {"uv": [8.5, 3, 12, 3.5], "texture": "#2"},
				"south": {"uv": [1.5, 14, 2, 14.5], "texture": "#2"},
				"west": {"uv": [8.5, 8.5, 12, 9], "texture": "#2"},
				"up": {"uv": [1.5, 12.5, 1, 9], "texture": "#2"},
				"down": {"uv": [2, 9, 1.5, 12.5], "texture": "#2"}
			}
		},
		{
			"from": [7, 15.92437, 11.67843],
			"to": [8, 16.92437, 19.67843],
			"rotation": {"angle": -45, "axis": "x", "origin": [7.5, 12.34594, 8.1]},
			"faces": {
				"north": {"uv": [14, 3, 14.5, 3.5], "texture": "#2"},
				"east": {"uv": [6.5, 0, 10.5, 0.5], "texture": "#2"},
				"south": {"uv": [3.5, 14, 4, 14.5], "texture": "#2"},
				"west": {"uv": [6.5, 0.5, 10.5, 1], "texture": "#2"},
				"up": {"uv": [5, 10, 4.5, 6], "texture": "#2"},
				"down": {"uv": [7, 3.5, 6.5, 7.5], "texture": "#2"}
			}
		},
		{
			"from": [7, 14.92437, 10.67843],
			"to": [8, 15.92437, 17.67843],
			"rotation": {"angle": -45, "axis": "x", "origin": [7.5, 12.34594, 8.1]},
			"faces": {
				"north": {"uv": [14, 3.5, 14.5, 4], "texture": "#2"},
				"east": {"uv": [9, 1.5, 12.5, 2], "texture": "#2"},
				"south": {"uv": [4, 14, 4.5, 14.5], "texture": "#2"},
				"west": {"uv": [9, 2, 12.5, 2.5], "texture": "#2"},
				"up": {"uv": [9, 12.5, 8.5, 9], "texture": "#2"},
				"down": {"uv": [9.5, 9, 9, 12.5], "texture": "#2"}
			}
		},
		{
			"from": [7, 13.92437, 8.67843],
			"to": [8, 14.92437, 16.67843],
			"rotation": {"angle": -45, "axis": "x", "origin": [7.5, 12.34594, 8.1]},
			"faces": {
				"north": {"uv": [14, 4.5, 14.5, 5], "texture": "#2"},
				"east": {"uv": [6.5, 1, 10.5, 1.5], "texture": "#2"},
				"south": {"uv": [14, 5, 14.5, 5.5], "texture": "#2"},
				"west": {"uv": [7, 3.5, 11, 4], "texture": "#2"},
				"up": {"uv": [5.5, 10.5, 5, 6.5], "texture": "#2"},
				"down": {"uv": [6, 6.5, 5.5, 10.5], "texture": "#2"}
			}
		},
		{
			"from": [7, 12.92437, 7.67843],
			"to": [8, 13.92437, 15.67843],
			"rotation": {"angle": -45, "axis": "x", "origin": [7.5, 12.34594, 8.1]},
			"faces": {
				"north": {"uv": [14, 5.5, 14.5, 6], "texture": "#2"},
				"east": {"uv": [7, 4, 11, 4.5], "texture": "#2"},
				"south": {"uv": [14, 6, 14.5, 6.5], "texture": "#2"},
				"west": {"uv": [7, 4.5, 11, 5], "texture": "#2"},
				"up": {"uv": [6.5, 10.5, 6, 6.5], "texture": "#2"},
				"down": {"uv": [0.5, 7, 0, 11], "texture": "#2"}
			}
		},
		{
			"from": [7, 11.92437, 5.67843],
			"to": [8, 12.92437, 14.67843],
			"rotation": {"angle": -45, "axis": "x", "origin": [7.5, 12.34594, 8.1]},
			"faces": {
				"north": {"uv": [6.5, 14, 7, 14.5], "texture": "#2"},
				"east": {"uv": [4, 2.5, 8.5, 3], "texture": "#2"},
				"south": {"uv": [14, 6.5, 14.5, 7], "texture": "#2"},
				"west": {"uv": [4, 3, 8.5, 3.5], "texture": "#2"},
				"up": {"uv": [1.5, 9, 1, 4.5], "texture": "#2"},
				"down": {"uv": [2, 4.5, 1.5, 9], "texture": "#2"}
			}
		},
		{
			"from": [7, 10.52437, 8.67843],
			"to": [8, 11.52437, 15.67843],
			"rotation": {"angle": -45, "axis": "x", "origin": [7.5, 10.94594, 8.1]},
			"faces": {
				"north": {"uv": [7, 14, 7.5, 14.5], "texture": "#2"},
				"east": {"uv": [9.5, 9, 13, 9.5], "texture": "#2"},
				"south": {"uv": [14, 7, 14.5, 7.5], "texture": "#2"},
				"west": {"uv": [9.5, 9.5, 13, 10], "texture": "#2"},
				"up": {"uv": [1.5, 9, 1, 4.5], "texture": "#2"},
				"down": {"uv": [2, 4.5, 1.5, 9], "texture": "#2"}
			}
		},
		{
			"from": [7, 9.12437, 9.67843],
			"to": [8, 10.12437, 16.67843],
			"rotation": {"angle": -45, "axis": "x", "origin": [7.5, 9.54594, 8.1]},
			"faces": {
				"north": {"uv": [14, 7.5, 14.5, 8], "texture": "#2"},
				"east": {"uv": [9.5, 10, 13, 10.5], "texture": "#2"},
				"south": {"uv": [14, 7, 14.5, 7.5], "texture": "#2"},
				"west": {"uv": [10.5, 0, 14, 0.5], "texture": "#2"},
				"up": {"uv": [1.5, 9, 1, 4.5], "texture": "#2"},
				"down": {"uv": [7.5, 9.5, 7, 13], "texture": "#2"}
			}
		},
		{
			"from": [7, 7.72437, 11.67843],
			"to": [8, 8.72437, 15.67843],
			"rotation": {"angle": -45, "axis": "x", "origin": [7.5, 8.14594, 8.1]},
			"faces": {
				"north": {"uv": [14, 7.5, 14.5, 8], "texture": "#2"},
				"east": {"uv": [12, 3, 14, 3.5], "texture": "#2"},
				"south": {"uv": [14, 7, 14.5, 7.5], "texture": "#2"},
				"west": {"uv": [8.5, 12.5, 10.5, 13], "texture": "#2"},
				"up": {"uv": [1.5, 9, 1, 4.5], "texture": "#2"},
				"down": {"uv": [7, 11, 6.5, 13], "texture": "#2"}
			}
		},
		{
			"from": [7, 7.02437, 14.37843],
			"to": [8, 8.02437, 16.37843],
			"rotation": {"angle": -45, "axis": "x", "origin": [7.5, 7.44594, 8.8]},
			"faces": {
				"north": {"uv": [14, 7.5, 14.5, 8], "texture": "#2"},
				"east": {"uv": [13, 10, 14, 10.5], "texture": "#2"},
				"south": {"uv": [14, 7, 14.5, 7.5], "texture": "#2"},
				"west": {"uv": [13.5, 2.5, 14.5, 3], "texture": "#2"},
				"up": {"uv": [1.5, 9, 1, 4.5], "texture": "#2"},
				"down": {"uv": [2, 4.5, 1.5, 9], "texture": "#2"}
			}
		},
		{
			"from": [7, 6.32437, 15.07843],
			"to": [8, 7.32437, 17.07843],
			"rotation": {"angle": -45, "axis": "x", "origin": [7.5, 6.74594, 9.5]},
			"faces": {
				"north": {"uv": [14, 8, 14.5, 8.5], "texture": "#2"},
				"east": {"uv": [3.5, 13.5, 4.5, 14], "texture": "#2"},
				"south": {"uv": [14, 7, 14.5, 7.5], "texture": "#2"},
				"west": {"uv": [13.5, 4, 14.5, 4.5], "texture": "#2"},
				"up": {"uv": [1, 4.5, 1.5, 9], "texture": "#2"},
				"down": {"uv": [3, 12.5, 2.5, 13.5], "texture": "#2"}
			}
		},
		{
			"from": [7, 23.32437, 17.67843],
			"to": [8, 24.32437, 24.67843],
			"rotation": {"angle": -45, "axis": "x", "origin": [7.5, 13.74594, 8.1]},
			"faces": {
				"north": {"uv": [8.5, 14, 9, 14.5], "texture": "#2"},
				"east": {"uv": [10.5, 0.5, 14, 1], "texture": "#2"},
				"south": {"uv": [14, 8.5, 14.5, 9], "texture": "#2"},
				"west": {"uv": [10.5, 1, 14, 1.5], "texture": "#2"},
				"up": {"uv": [4, 13.5, 3.5, 10], "texture": "#2"},
				"down": {"uv": [4.5, 10, 4, 13.5], "texture": "#2"}
			}
		},
		{
			"from": [7, 24.72437, 17.67843],
			"to": [8, 25.72437, 24.67843],
			"rotation": {"angle": -45, "axis": "x", "origin": [7.5, 15.14594, 8.1]},
			"faces": {
				"north": {"uv": [9, 14, 9.5, 14.5], "texture": "#2"},
				"east": {"uv": [10.5, 5, 14, 5.5], "texture": "#2"},
				"south": {"uv": [14, 9, 14.5, 9.5], "texture": "#2"},
				"west": {"uv": [10.5, 5.5, 14, 6], "texture": "#2"},
				"up": {"uv": [5, 13.5, 4.5, 10], "texture": "#2"},
				"down": {"uv": [1, 10.5, 0.5, 14], "texture": "#2"}
			}
		},
		{
			"from": [7, 26.12437, 17.67843],
			"to": [8, 27.12437, 23.67843],
			"rotation": {"angle": -45, "axis": "x", "origin": [7.5, 16.54594, 8.1]},
			"faces": {
				"north": {"uv": [9.5, 14, 10, 14.5], "texture": "#2"},
				"east": {"uv": [9.5, 10.5, 12.5, 11], "texture": "#2"},
				"south": {"uv": [14, 9.5, 14.5, 10], "texture": "#2"},
				"west": {"uv": [11, 3.5, 14, 4], "texture": "#2"},
				"up": {"uv": [5.5, 13.5, 5, 10.5], "texture": "#2"}
			}
		},
		{
			"from": [7, 27.52437, 17.67843],
			"to": [8, 28.52437, 22.67843],
			"rotation": {"angle": -45, "axis": "x", "origin": [7.5, 17.94594, 8.1]},
			"faces": {
				"north": {"uv": [10, 14, 10.5, 14.5], "texture": "#2"},
				"east": {"uv": [11, 4, 13.5, 4.5], "texture": "#2"},
				"south": {"uv": [14, 10, 14.5, 10.5], "texture": "#2"},
				"west": {"uv": [11, 4.5, 13.5, 5], "texture": "#2"},
				"up": {"uv": [0.5, 13.5, 0, 11], "texture": "#2"},
				"down": {"uv": [3.5, 11, 3, 13.5], "texture": "#2"}
			}
		},
		{
			"from": [7, 28.92437, 17.67843],
			"to": [8, 29.92437, 21.67843],
			"rotation": {"angle": -45, "axis": "x", "origin": [7.5, 19.34594, 8.1]},
			"faces": {
				"north": {"uv": [10.5, 14, 11, 14.5], "texture": "#2"},
				"east": {"uv": [10.5, 12.5, 12.5, 13], "texture": "#2"},
				"south": {"uv": [11, 14, 11.5, 14.5], "texture": "#2"},
				"west": {"uv": [12.5, 10.5, 14.5, 11], "texture": "#2"},
				"up": {"uv": [2.5, 14.5, 2, 12.5], "texture": "#2"}
			}
		},
		{
			"from": [7, 29, 12.6],
			"to": [8, 30, 13.6],
			"rotation": {"angle": 45, "axis": "x", "origin": [7, 28, 11.64]},
			"faces": {
				"north": {"uv": [14, 11, 14.5, 11.5], "texture": "#2"},
				"east": {"uv": [11.5, 14, 12, 14.5], "texture": "#2"},
				"south": {"uv": [14, 11.5, 14.5, 12], "texture": "#2"},
				"west": {"uv": [12, 14, 12.5, 14.5], "texture": "#2"},
				"up": {"uv": [14.5, 12.5, 14, 12], "texture": "#2"},
				"down": {"uv": [13, 14, 12.5, 14.5], "texture": "#2"}
			}
		},
		{
			"from": [7, 15.6, 13.3],
			"to": [8, 16.6, 14.3],
			"rotation": {"angle": 45, "axis": "x", "origin": [7, 14.6, 12.34]},
			"faces": {
				"north": {"uv": [14, 11, 14.5, 11.5], "texture": "#2"},
				"east": {"uv": [11.5, 14, 12, 14.5], "texture": "#2"},
				"south": {"uv": [14, 11.5, 14.5, 12], "texture": "#2"},
				"west": {"uv": [12, 14, 12.5, 14.5], "texture": "#2"},
				"up": {"uv": [14, 12, 14.5, 12.5], "texture": "#2"},
				"down": {"uv": [12.5, 14, 13, 14.5], "texture": "#2"}
			}
		},
		{
			"from": [7, 23.3, 12.6],
			"to": [8, 24.3, 13.6],
			"rotation": {"angle": 45, "axis": "x", "origin": [7, 22.3, 11.64]},
			"faces": {
				"north": {"uv": [14, 11, 14.5, 11.5], "texture": "#2"},
				"east": {"uv": [14, 12.5, 14.5, 13], "texture": "#2"},
				"south": {"uv": [13, 14, 13.5, 14.5], "texture": "#2"},
				"west": {"uv": [14, 13, 14.5, 13.5], "texture": "#2"},
				"up": {"uv": [14, 14.5, 13.5, 14], "texture": "#2"},
				"down": {"uv": [14.5, 13.5, 14, 14], "texture": "#2"}
			}
		},
		{
			"from": [6.75, 2.7, 9.4],
			"to": [8.25, 9.7, 10.9],
			"rotation": {"angle": 0, "axis": "y", "origin": [6, 0.7, 9.6]},
			"faces": {
				"north": {"uv": [0, 0, 1, 3.5], "texture": "#2"},
				"east": {"uv": [1, 0, 2, 3.5], "texture": "#2"},
				"south": {"uv": [2, 0, 3, 3.5], "texture": "#2"},
				"west": {"uv": [3, 0, 4, 3.5], "texture": "#2"},
				"down": {"uv": [12, 7.5, 11, 8.5], "texture": "#2"}
			}
		},
		{
			"from": [6.5, 2, 9.55],
			"to": [8.5, 4, 11.55],
			"rotation": {"angle": -45, "axis": "x", "origin": [7, 2, 11.5]},
			"faces": {
				"north": {"uv": [12.5, 11, 13.5, 12], "texture": "#2"},
				"east": {"uv": [12.5, 12, 13.5, 13], "texture": "#2"},
				"south": {"uv": [13, 6, 14, 7], "texture": "#2"},
				"west": {"uv": [6.5, 13, 7.5, 14], "texture": "#2"},
				"up": {"uv": [14, 8, 13, 7], "texture": "#2"},
				"down": {"uv": [14, 8, 13, 9], "texture": "#2"}
			}
		},
		{
			"from": [6.3, 2.2, 8.5],
			"to": [8.7, 4.4, 10.7],
			"rotation": {"angle": 45, "axis": "x", "origin": [6.3, 2.1, 8.4]},
			"faces": {
				"north": {"uv": [8.5, 13, 9.5, 14], "texture": "#2"},
				"east": {"uv": [13, 9, 14, 10], "texture": "#2"},
				"south": {"uv": [9.5, 13, 10.5, 14], "texture": "#2"},
				"west": {"uv": [10.5, 13, 11.5, 14], "texture": "#2"},
				"up": {"uv": [12.5, 14, 11.5, 13], "texture": "#2"},
				"down": {"uv": [13.5, 13, 12.5, 14], "texture": "#2"}
			}
		},
		{
			"from": [6.6, 10.61297, 9.34929],
			"to": [8.4, 13.61297, 12.34929],
			"rotation": {"angle": -45, "axis": "x", "origin": [7.8, 11.15, 10.87678]},
			"faces": {
				"north": {"uv": [5.5, 10.5, 6.5, 12], "texture": "#2"},
				"east": {"uv": [2, 4.5, 3.5, 6], "texture": "#2"},
				"south": {"uv": [2, 11, 3, 12.5], "texture": "#2"},
				"west": {"uv": [3.5, 4.5, 5, 6], "texture": "#2"},
				"up": {"uv": [12, 7.5, 11, 6], "texture": "#2"},
				"down": {"uv": [10.5, 11, 9.5, 12.5], "texture": "#2"}
			}
		},
		{
			"from": [6.7, 9.7, 7.7],
			"to": [8.3, 11.7, 12.7],
			"rotation": {"angle": 0, "axis": "y", "origin": [6.6, 9.7, 7.7]},
			"faces": {
				"north": {"uv": [13.5, 1.5, 14.5, 2.5], "texture": "#2"},
				"east": {"uv": [0, 3.5, 2.5, 4.5], "texture": "#2"},
				"south": {"uv": [2.5, 13.5, 3.5, 14.5], "texture": "#2"},
				"west": {"uv": [2.5, 3.5, 5, 4.5], "texture": "#2"},
				"up": {"uv": [5, 2.5, 4, 0], "texture": "#2"},
				"down": {"uv": [1, 4.5, 0, 7], "texture": "#2"}
			}
		},
		{
			"from": [6.6, 9.7, 4.7],
			"to": [8.4, 12.7, 7.7],
			"rotation": {"angle": 0, "axis": "y", "origin": [6.6, 10.7, 1.7]},
			"faces": {
				"north": {"uv": [10.5, 11, 11.5, 12.5], "texture": "#2"},
				"east": {"uv": [5, 0, 6.5, 1.5], "texture": "#2"},
				"south": {"uv": [11.5, 11, 12.5, 12.5], "texture": "#2"},
				"west": {"uv": [5, 3.5, 6.5, 5], "texture": "#2"},
				"up": {"uv": [6.5, 13.5, 5.5, 12], "texture": "#2"},
				"down": {"uv": [13, 6, 12, 7.5], "texture": "#2"}
			}
		},
		{
			"from": [6.6, 9.7, 12.7],
			"to": [8.4, 12.7, 15.7],
			"rotation": {"angle": 0, "axis": "y", "origin": [6.6, 10.7, 9.7]},
			"faces": {
				"north": {"uv": [7.5, 12, 8.5, 13.5], "texture": "#2"},
				"east": {"uv": [5, 5, 6.5, 6.5], "texture": "#2"},
				"south": {"uv": [12, 7.5, 13, 9], "texture": "#2"},
				"west": {"uv": [2, 6, 3.5, 7.5], "texture": "#2"},
				"up": {"uv": [2, 14, 1, 12.5], "texture": "#2"},
				"down": {"uv": [13.5, 1.5, 12.5, 3], "texture": "#2"}
			}
		},
		{
			"from": [8.4, 8.7, 4.7],
			"to": [8.4, 9.7, 5.7],
			"rotation": {"angle": 0, "axis": "y", "origin": [8.4, 7.7, 4.7]},
			"faces": {
				"north": {"uv": [0, 0, 0, 0.5], "texture": "#2"},
				"east": {"uv": [14, 14, 14.5, 14.5], "texture": "#2"},
				"south": {"uv": [0, 0, 0, 0.5], "texture": "#2"},
				"west": {"uv": [0, 14.5, 0.5, 15], "texture": "#2"},
				"up": {"uv": [0, 0.5, 0, 0], "texture": "#2"},
				"down": {"uv": [0, 0, 0, 0.5], "texture": "#2"}
			}
		},
		{
			"from": [6.6, 8.7, 14.7],
			"to": [6.6, 9.7, 15.7],
			"rotation": {"angle": 0, "axis": "y", "origin": [6.6, 7.7, 14.7]},
			"faces": {
				"north": {"uv": [0, 0, 0, 0.5], "texture": "#2"},
				"east": {"uv": [14.5, 1, 15, 1.5], "texture": "#2"},
				"south": {"uv": [0, 0, 0, 0.5], "texture": "#2"},
				"west": {"uv": [1.5, 14.5, 2, 15], "texture": "#2"},
				"up": {"uv": [0, 0.5, 0, 0], "texture": "#2"},
				"down": {"uv": [0, 0, 0, 0.5], "texture": "#2"}
			}
		},
		{
			"from": [6.6, 7.7, 12.7],
			"to": [6.6, 9.7, 13.7],
			"rotation": {"angle": 0, "axis": "y", "origin": [6.6, 7.7, 12.7]},
			"faces": {
				"north": {"uv": [0, 0, 0, 1], "texture": "#2"},
				"east": {"uv": [8, 13.5, 8.5, 14.5], "texture": "#2"},
				"south": {"uv": [0, 0, 0, 1], "texture": "#2"},
				"west": {"uv": [13.5, 11, 14, 12], "texture": "#2"},
				"up": {"uv": [0, 0.5, 0, 0], "texture": "#2"},
				"down": {"uv": [0, 0, 0, 0.5], "texture": "#2"}
			}
		},
		{
			"from": [6.6, 7.7, 6.7],
			"to": [6.6, 9.7, 7.7],
			"rotation": {"angle": 0, "axis": "y", "origin": [6.6, 7.7, 6.7]},
			"faces": {
				"north": {"uv": [0, 0, 0, 1], "texture": "#2"},
				"east": {"uv": [6, 13.5, 6.5, 14.5], "texture": "#2"},
				"south": {"uv": [0, 0, 0, 1], "texture": "#2"},
				"west": {"uv": [7.5, 13.5, 8, 14.5], "texture": "#2"},
				"up": {"uv": [0, 0.5, 0, 0], "texture": "#2"},
				"down": {"uv": [0, 0, 0, 0.5], "texture": "#2"}
			}
		},
		{
			"from": [6.6, 8.7, 4.7],
			"to": [6.6, 9.7, 5.7],
			"rotation": {"angle": 0, "axis": "y", "origin": [6.6, 7.7, 4.7]},
			"faces": {
				"north": {"uv": [0, 0, 0, 0.5], "texture": "#2"},
				"east": {"uv": [14.5, 0.5, 15, 1], "texture": "#2"},
				"south": {"uv": [0, 0, 0, 0.5], "texture": "#2"},
				"west": {"uv": [1, 14.5, 1.5, 15], "texture": "#2"},
				"up": {"uv": [0, 0.5, 0, 0], "texture": "#2"},
				"down": {"uv": [0, 0, 0, 0.5], "texture": "#2"}
			}
		},
		{
			"from": [8.4, 7.7, 12.7],
			"to": [8.4, 9.7, 13.7],
			"rotation": {"angle": 0, "axis": "y", "origin": [8.4, 7.7, 12.7]},
			"faces": {
				"north": {"uv": [0, 0, 0, 1], "texture": "#2"},
				"east": {"uv": [0, 13.5, 0.5, 14.5], "texture": "#2"},
				"south": {"uv": [0, 0, 0, 1], "texture": "#2"},
				"west": {"uv": [4.5, 13.5, 5, 14.5], "texture": "#2"},
				"up": {"uv": [0, 0.5, 0, 0], "texture": "#2"},
				"down": {"uv": [0, 0, 0, 0.5], "texture": "#2"}
			}
		},
		{
			"from": [8.4, 8.7, 14.7],
			"to": [8.4, 9.7, 15.7],
			"rotation": {"angle": 0, "axis": "y", "origin": [8.4, 7.7, 14.7]},
			"faces": {
				"north": {"uv": [0, 0, 0, 0.5], "texture": "#2"},
				"east": {"uv": [14.5, 0, 15, 0.5], "texture": "#2"},
				"south": {"uv": [0, 0, 0, 0.5], "texture": "#2"},
				"west": {"uv": [0.5, 14.5, 1, 15], "texture": "#2"},
				"up": {"uv": [0, 0.5, 0, 0], "texture": "#2"},
				"down": {"uv": [0, 0, 0, 0.5], "texture": "#2"}
			}
		},
		{
			"from": [8.4, 7.7, 6.7],
			"to": [8.4, 9.7, 7.7],
			"rotation": {"angle": 0, "axis": "y", "origin": [8.4, 7.7, 6.7]},
			"faces": {
				"north": {"uv": [0, 0, 0, 1], "texture": "#2"},
				"east": {"uv": [5, 13.5, 5.5, 14.5], "texture": "#2"},
				"south": {"uv": [0, 0, 0, 1], "texture": "#2"},
				"west": {"uv": [5.5, 13.5, 6, 14.5], "texture": "#2"},
				"up": {"uv": [0, 0.5, 0, 0], "texture": "#2"},
				"down": {"uv": [0, 0, 0, 0.5], "texture": "#2"}
			}
		}
	],
	"display": {
		"firstperson_righthand": {
			"rotation": [10.17, -0.5, -7.37],
			"translation": [0.5, -0.75, -2.25]
		},
		"firstperson_lefthand": {
			"rotation": [10.17, -0.5, -7.37],
			"translation": [0.5, -0.75, -2.25]
		},
		"ground": {
			"rotation": [0, 90, 0],
			"translation": [0, 2.5, 0],
			"scale": [0.6, 0.6, 0.6]
		}
	},
	"groups": [
		{
			"name": "sword",
			"origin": [8, 8, 8],
			"color": 0,
			"children": [
				{
					"name": "lezvie",
					"origin": [7.8, 15.64594, 8.9],
					"color": 0,
					"children": [0, 1, 2, 3, 4, 5, 6, 7, 8, 9, 10, 11, 12, 13, 14, 15, 16, 17, 18, 19, 20, 21, 22, 23]
				},
				24,
				25,
				26,
				27,
				28,
				29,
				30
			]
		},
		31,
		32,
		33,
		34,
		35,
		36,
		37,
		38
	]
}