{
	"credit": "Made with Blockbench",
	"texture_size": [64, 64],
	"textures": {
		"2": "irons_spellbooks:item/decrepit_scythe",
		"particle": "irons_spellbooks:item/decrepit_scythe"
	},
	"elements": [
		{
			"from": [7.5, 4.52437, 18.47843],
			"to": [8.5, 5.52437, 21.47843],
			"rotation": {"angle": -45, "axis": "x", "origin": [8, -5.05406, 8.9]},
			"faces": {
				"north": {"uv": [4.5, 7.5, 4.75, 7.75], "texture": "#2"},
				"east": {"uv": [5.5, 2.75, 6.25, 3], "texture": "#2"},
				"south": {"uv": [7.5, 5, 7.75, 5.25], "texture": "#2"},
				"west": {"uv": [6, 1.5, 6.75, 1.75], "texture": "#2"},
				"up": {"uv": [1.75, 6.75, 1.5, 6], "texture": "#2"},
				"down": {"uv": [2.5, 6, 2.25, 6.75], "texture": "#2"}
			}
		},
		{
			"from": [7.5, 3.52437, 17.47843],
			"to": [8.5, 4.52437, 20.47843],
			"rotation": {"angle": -45, "axis": "x", "origin": [8, -5.05406, 8.9]},
			"faces": {
				"north": {"uv": [7.5, 5.25, 7.75, 5.5], "texture": "#2"},
				"east": {"uv": [6, 1.75, 6.75, 2], "texture": "#2"},
				"south": {"uv": [5.5, 7.5, 5.75, 7.75], "texture": "#2"},
				"west": {"uv": [2.5, 6, 3.25, 6.25], "texture": "#2"},
				"up": {"uv": [4.25, 6.75, 4, 6], "texture": "#2"},
				"down": {"uv": [6.25, 4, 6, 4.75], "texture": "#2"}
			}
		},
		{
			"from": [7.5, 2.52437, 16.47843],
			"to": [8.5, 3.52437, 19.47843],
			"rotation": {"angle": -45, "axis": "x", "origin": [8, -5.05406, 8.9]},
			"faces": {
				"north": {"uv": [7.5, 5.75, 7.75, 6], "texture": "#2"},
				"east": {"uv": [6, 4.75, 6.75, 5], "texture": "#2"},
				"south": {"uv": [7.5, 6, 7.75, 6.25], "texture": "#2"},
				"west": {"uv": [6, 5, 6.75, 5.25], "texture": "#2"},
				"up": {"uv": [4.5, 6.75, 4.25, 6], "texture": "#2"},
				"down": {"uv": [4.75, 6, 4.5, 6.75], "texture": "#2"}
			}
		},
		{
			"from": [7.5, 1.52437, 15.47843],
			"to": [8.5, 2.52437, 18.47843],
			"rotation": {"angle": -45, "axis": "x", "origin": [8, -5.05406, 8.9]},
			"faces": {
				"north": {"uv": [7.5, 6.25, 7.75, 6.5], "texture": "#2"},
				"east": {"uv": [5.25, 6, 6, 6.25], "texture": "#2"},
				"south": {"uv": [7.5, 6.5, 7.75, 6.75], "texture": "#2"},
				"west": {"uv": [6, 5.25, 6.75, 5.5], "texture": "#2"},
				"up": {"uv": [6.25, 6.25, 6, 5.5], "texture": "#2"},
				"down": {"uv": [6.5, 0.25, 6.25, 1], "texture": "#2"}
			}
		},
		{
			"from": [7.5, 0.52437, 14.47843],
			"to": [8.5, 1.52437, 17.47843],
			"rotation": {"angle": -45, "axis": "x", "origin": [8, -5.05406, 8.9]},
			"faces": {
				"north": {"uv": [7.5, 6.75, 7.75, 7], "texture": "#2"},
				"east": {"uv": [6.25, 1, 7, 1.25], "texture": "#2"},
				"south": {"uv": [7.5, 7, 7.75, 7.25], "texture": "#2"},
				"west": {"uv": [6.25, 1.25, 7, 1.5], "texture": "#2"},
				"up": {"uv": [1.25, 7, 1, 6.25], "texture": "#2"},
				"down": {"uv": [1.5, 6.25, 1.25, 7], "texture": "#2"}
			}
		},
		{
			"from": [7.5, -0.47563, 13.47843],
			"to": [8.5, 0.52437, 16.47843],
			"rotation": {"angle": -45, "axis": "x", "origin": [8, -5.05406, 8.9]},
			"faces": {
				"north": {"uv": [7.5, 7.25, 7.75, 7.5], "texture": "#2"},
				"east": {"uv": [2.5, 6.25, 3.25, 6.5], "texture": "#2"},
				"south": {"uv": [7.5, 7.5, 7.75, 7.75], "texture": "#2"},
				"west": {"uv": [6.25, 2.75, 7, 3], "texture": "#2"},
				"up": {"uv": [2, 7, 1.75, 6.25], "texture": "#2"},
				"down": {"uv": [6.5, 3, 6.25, 3.75], "texture": "#2"}
			}
		},
		{
			"from": [7.5, -1.47563, 12.47843],
			"to": [8.5, -0.47563, 15.47843],
			"rotation": {"angle": -45, "axis": "x", "origin": [8, -5.05406, 8.9]},
			"faces": {
				"north": {"uv": [1, 7.75, 1.25, 8], "texture": "#2"},
				"east": {"uv": [3.25, 6.25, 4, 6.5], "texture": "#2"},
				"south": {"uv": [7.75, 1, 8, 1.25], "texture": "#2"},
				"west": {"uv": [6.25, 3.75, 7, 4], "texture": "#2"},
				"up": {"uv": [6.5, 4.75, 6.25, 4], "texture": "#2"},
				"down": {"uv": [5, 6.25, 4.75, 7], "texture": "#2"}
			}
		},
		{
			"from": [7.5, -2.47563, 11.47843],
			"to": [8.5, -1.47563, 14.47843],
			"rotation": {"angle": -45, "axis": "x", "origin": [8, -5.05406, 8.9]},
			"faces": {
				"north": {"uv": [1.25, 7.75, 1.5, 8], "texture": "#2"},
				"east": {"uv": [5, 6.25, 5.75, 6.5], "texture": "#2"},
				"south": {"uv": [7.75, 1.25, 8, 1.5], "texture": "#2"},
				"west": {"uv": [6.25, 5.5, 7, 5.75], "texture": "#2"},
				"up": {"uv": [6, 7, 5.75, 6.25], "texture": "#2"},
				"down": {"uv": [6.5, 5.75, 6.25, 6.5], "texture": "#2"}
			}
		},
		{
			"from": [7.5, -3.47563, 10.47843],
			"to": [8.5, -2.47563, 13.47843],
			"rotation": {"angle": -45, "axis": "x", "origin": [8, -5.05406, 8.9]},
			"faces": {
				"north": {"uv": [7.75, 1.5, 8, 1.75], "texture": "#2"},
				"east": {"uv": [6.5, 0.25, 7.25, 0.5], "texture": "#2"},
				"south": {"uv": [1.75, 7.75, 2, 8], "texture": "#2"},
				"west": {"uv": [6.5, 0.5, 7.25, 0.75], "texture": "#2"},
				"up": {"uv": [6.25, 7, 6, 6.25], "texture": "#2"},
				"down": {"uv": [2.25, 6.5, 2, 7.25], "texture": "#2"}
			}
		},
		{
			"from": [7.5, -4.47563, 9.47843],
			"to": [8.5, -3.47563, 12.47843],
			"rotation": {"angle": -45, "axis": "x", "origin": [8, -5.05406, 8.9]},
			"faces": {
				"north": {"uv": [7.75, 1.75, 8, 2], "texture": "#2"},
				"east": {"uv": [6.5, 0.75, 7.25, 1], "texture": "#2"},
				"south": {"uv": [7.75, 2.25, 8, 2.5], "texture": "#2"},
				"west": {"uv": [2.5, 6.5, 3.25, 6.75], "texture": "#2"},
				"up": {"uv": [6.75, 3.75, 6.5, 3], "texture": "#2"},
				"down": {"uv": [3.5, 6.5, 3.25, 7.25], "texture": "#2"}
			}
		},
		{
			"from": [7.5, -6.87563, 8.47843],
			"to": [8.5, -5.87563, 11.47843],
			"rotation": {"angle": -45, "axis": "x", "origin": [8, -6.45406, 8.9]},
			"faces": {
				"north": {"uv": [7.75, 2.5, 8, 2.75], "texture": "#2"},
				"east": {"uv": [6.5, 4, 7.25, 4.25], "texture": "#2"},
				"south": {"uv": [7.75, 2.75, 8, 3], "texture": "#2"},
				"west": {"uv": [6.5, 4.25, 7.25, 4.5], "texture": "#2"},
				"up": {"uv": [3.75, 7.25, 3.5, 6.5], "texture": "#2"},
				"down": {"uv": [4, 6.5, 3.75, 7.25], "texture": "#2"}
			}
		},
		{
			"from": [7.5, -8.27563, 8.47843],
			"to": [8.5, -7.27563, 11.47843],
			"rotation": {"angle": -45, "axis": "x", "origin": [8, -7.85406, 8.9]},
			"faces": {
				"north": {"uv": [7.75, 3, 8, 3.25], "texture": "#2"},
				"east": {"uv": [6.5, 4.5, 7.25, 4.75], "texture": "#2"},
				"south": {"uv": [7.75, 3.25, 8, 3.5], "texture": "#2"},
				"west": {"uv": [5, 6.5, 5.75, 6.75], "texture": "#2"},
				"up": {"uv": [6.75, 6.5, 6.5, 5.75], "texture": "#2"},
				"down": {"uv": [6.5, 6.5, 6.25, 7.25], "texture": "#2"}
			}
		},
		{
			"from": [7.5, -9.67563, 10.47843],
			"to": [8.5, -8.67563, 11.47843],
			"rotation": {"angle": -45, "axis": "x", "origin": [8, -9.25406, 8.9]},
			"faces": {
				"east": {"uv": [7.75, 3.5, 8, 3.75], "texture": "#2"},
				"south": {"uv": [7.75, 3.75, 8, 4], "texture": "#2"},
				"west": {"uv": [4, 7.75, 4.25, 8], "texture": "#2"},
				"down": {"uv": [4.5, 7.75, 4.25, 8], "texture": "#2"}
			}
		},
		{
			"from": [7.5, -5.47563, 8.47843],
			"to": [8.5, -4.47563, 11.47843],
			"rotation": {"angle": -45, "axis": "x", "origin": [8, -5.05406, 8.9]},
			"faces": {
				"north": {"uv": [4.5, 7.75, 4.75, 8], "texture": "#2"},
				"east": {"uv": [6.5, 6.5, 7.25, 6.75], "texture": "#2"},
				"south": {"uv": [4.75, 7.75, 5, 8], "texture": "#2"},
				"west": {"uv": [6.75, 0, 7.5, 0.25], "texture": "#2"},
				"up": {"uv": [1, 7.5, 0.75, 6.75], "texture": "#2"},
				"down": {"uv": [1.75, 6.75, 1.5, 7.5], "texture": "#2"}
			}
		},
		{
			"from": [7.5, 5.92437, 18.47843],
			"to": [8.5, 6.92437, 21.47843],
			"rotation": {"angle": -45, "axis": "x", "origin": [8, -3.65406, 8.9]},
			"faces": {
				"north": {"uv": [5, 7.75, 5.25, 8], "texture": "#2"},
				"east": {"uv": [6.75, 1.5, 7.5, 1.75], "texture": "#2"},
				"south": {"uv": [7.75, 5, 8, 5.25], "texture": "#2"},
				"west": {"uv": [6.75, 1.75, 7.5, 2], "texture": "#2"},
				"up": {"uv": [2.5, 7.5, 2.25, 6.75], "texture": "#2"},
				"down": {"uv": [2.75, 6.75, 2.5, 7.5], "texture": "#2"}
			}
		},
		{
			"from": [7.5, 7.32437, 18.47843],
			"to": [8.5, 8.32437, 21.47843],
			"rotation": {"angle": -45, "axis": "x", "origin": [8, -2.25406, 8.9]},
			"faces": {
				"north": {"uv": [5.25, 7.75, 5.5, 8], "texture": "#2"},
				"east": {"uv": [6.75, 3, 7.5, 3.25], "texture": "#2"},
				"south": {"uv": [7.75, 5.25, 8, 5.5], "texture": "#2"},
				"west": {"uv": [6.75, 3.25, 7.5, 3.5], "texture": "#2"},
				"up": {"uv": [3, 7.5, 2.75, 6.75], "texture": "#2"},
				"down": {"uv": [3.25, 6.75, 3, 7.5], "texture": "#2"}
			}
		},
		{
			"from": [7.5, 8.72437, 18.47843],
			"to": [8.5, 9.72437, 21.47843],
			"rotation": {"angle": -45, "axis": "x", "origin": [8, -0.85406, 8.9]},
			"faces": {
				"north": {"uv": [5.5, 7.75, 5.75, 8], "texture": "#2"},
				"east": {"uv": [6.75, 3.5, 7.5, 3.75], "texture": "#2"},
				"south": {"uv": [7.75, 5.5, 8, 5.75], "texture": "#2"},
				"west": {"uv": [4, 6.75, 4.75, 7], "texture": "#2"},
				"up": {"uv": [7, 5.5, 6.75, 4.75], "texture": "#2"},
				"down": {"uv": [5.25, 6.75, 5, 7.5], "texture": "#2"}
			}
		},
		{
			"from": [7.5, 10.12437, 18.47843],
			"to": [8.5, 11.12437, 21.47843],
			"rotation": {"angle": -45, "axis": "x", "origin": [8, 0.54594, 8.9]},
			"faces": {
				"north": {"uv": [5.75, 7.75, 6, 8], "texture": "#2"},
				"east": {"uv": [6.75, 5.75, 7.5, 6], "texture": "#2"},
				"south": {"uv": [7.75, 5.75, 8, 6], "texture": "#2"},
				"west": {"uv": [6.75, 6, 7.5, 6.25], "texture": "#2"},
				"up": {"uv": [5.5, 7.5, 5.25, 6.75], "texture": "#2"},
				"down": {"uv": [5.75, 6.75, 5.5, 7.5], "texture": "#2"}
			}
		},
		{
			"from": [7.5, 11.52437, 18.47843],
			"to": [8.5, 12.52437, 21.47843],
			"rotation": {"angle": -45, "axis": "x", "origin": [8, 1.94594, 8.9]},
			"faces": {
				"north": {"uv": [6, 7.75, 6.25, 8], "texture": "#2"},
				"east": {"uv": [6.75, 6.25, 7.5, 6.5], "texture": "#2"},
				"south": {"uv": [7.75, 6, 8, 6.25], "texture": "#2"},
				"west": {"uv": [6.5, 6.75, 7.25, 7], "texture": "#2"},
				"up": {"uv": [1.25, 7.75, 1, 7], "texture": "#2"},
				"down": {"uv": [1.5, 7, 1.25, 7.75], "texture": "#2"}
			}
		},
		{
			"from": [7.5, 12.92437, 18.47843],
			"to": [8.5, 13.92437, 21.47843],
			"rotation": {"angle": -45, "axis": "x", "origin": [8, 3.34594, 8.9]},
			"faces": {
				"north": {"uv": [7.75, 6.25, 8, 6.5], "texture": "#2"},
				"east": {"uv": [7, 1, 7.75, 1.25], "texture": "#2"},
				"south": {"uv": [7.75, 6.5, 8, 6.75], "texture": "#2"},
				"west": {"uv": [7, 1.25, 7.75, 1.5], "texture": "#2"},
				"up": {"uv": [2, 7.75, 1.75, 7], "texture": "#2"},
				"down": {"uv": [7.25, 2.25, 7, 3], "texture": "#2"}
			}
		},
		{
			"from": [7.5, 14.32437, 18.47843],
			"to": [8.5, 15.32437, 21.47843],
			"rotation": {"angle": -45, "axis": "x", "origin": [8, 4.74594, 8.9]},
			"faces": {
				"north": {"uv": [7.75, 6.75, 8, 7], "texture": "#2"},
				"east": {"uv": [7, 3.75, 7.75, 4], "texture": "#2"},
				"south": {"uv": [7.75, 7, 8, 7.25], "texture": "#2"},
				"west": {"uv": [4, 7, 4.75, 7.25], "texture": "#2"},
				"up": {"uv": [5, 7.75, 4.75, 7], "texture": "#2"},
				"down": {"uv": [7.25, 4.75, 7, 5.5], "texture": "#2"}
			}
		},
		{
			"from": [7.5, 15.72437, 18.47843],
			"to": [8.5, 16.72437, 21.47843],
			"rotation": {"angle": -45, "axis": "x", "origin": [8, 6.14594, 8.9]},
			"faces": {
				"north": {"uv": [7.75, 7.25, 8, 7.5], "texture": "#2"},
				"east": {"uv": [7, 5.5, 7.75, 5.75], "texture": "#2"},
				"south": {"uv": [7.5, 7.75, 7.75, 8], "texture": "#2"},
				"west": {"uv": [6.5, 7, 7.25, 7.25], "texture": "#2"},
				"up": {"uv": [6, 7.75, 5.75, 7], "texture": "#2"},
				"down": {"uv": [6.25, 7, 6, 7.75], "texture": "#2"}
			}
		},
		{
			"from": [7.5, 17.12437, 18.47843],
			"to": [8.5, 18.12437, 21.47843],
			"rotation": {"angle": -45, "axis": "x", "origin": [8, 7.54594, 8.9]},
			"faces": {
				"north": {"uv": [7.75, 7.5, 8, 7.75], "texture": "#2"},
				"east": {"uv": [7.25, 0.25, 8, 0.5], "texture": "#2"},
				"south": {"uv": [7.75, 7.75, 8, 8], "texture": "#2"},
				"west": {"uv": [7.25, 0.5, 8, 0.75], "texture": "#2"},
				"up": {"uv": [0.75, 8, 0.5, 7.25], "texture": "#2"},
				"down": {"uv": [2.25, 7.25, 2, 8], "texture": "#2"}
			}
		},
		{
			"from": [7.5, 18.52437, 18.47843],
			"to": [8.5, 19.52437, 21.47843],
			"rotation": {"angle": -45, "axis": "x", "origin": [8, 8.94594, 8.9]},
			"faces": {
				"north": {"uv": [8, 0, 8.25, 0.25], "texture": "#2"},
				"east": {"uv": [7.25, 0.75, 8, 1], "texture": "#2"},
				"west": {"uv": [7.25, 2, 8, 2.25], "texture": "#2"},
				"up": {"uv": [7.5, 3, 7.25, 2.25], "texture": "#2"}
			}
		},
		{
			"from": [7.5, 20.28934, -8.32767],
			"to": [8.5, 21.28934, -7.32767],
			"rotation": {"angle": -22.5, "axis": "x", "origin": [8, 24.14594, 2.6]},
			"faces": {
				"north": {"uv": [8, 0.25, 8.25, 0.5], "texture": "#2"},
				"east": {"uv": [0.5, 8, 0.75, 8.25], "texture": "#2"},
				"south": {"uv": [8, 0.5, 8.25, 0.75], "texture": "#2"},
				"west": {"uv": [8, 0.75, 8.25, 1], "texture": "#2"},
				"down": {"uv": [1.25, 8, 1, 8.25], "texture": "#2"}
			}
		},
		{
			"from": [7.5, 21.27929, -8.33772],
			"to": [8.5, 22.27929, -6.33772],
			"rotation": {"angle": -22.5, "axis": "x", "origin": [8, 24.14594, 2.6]},
			"faces": {
				"north": {"uv": [8, 1, 8.25, 1.25], "texture": "#2"},
				"east": {"uv": [4.25, 3, 4.75, 3.25], "texture": "#2"},
				"south": {"uv": [1.25, 8, 1.5, 8.25], "texture": "#2"},
				"west": {"uv": [7.5, 0, 8, 0.25], "texture": "#2"},
				"down": {"uv": [7.75, 1.5, 7.5, 2], "texture": "#2"}
			}
		},
		{
			"from": [7.5, 22.26924, -8.34777],
			"to": [8.5, 23.26924, -4.34777],
			"rotation": {"angle": -22.5, "axis": "x", "origin": [8, 24.14594, 2.6]},
			"faces": {
				"north": {"uv": [8, 1.25, 8.25, 1.5], "texture": "#2"},
				"east": {"uv": [5.25, 3, 6.25, 3.25], "texture": "#2"},
				"south": {"uv": [8, 1.5, 8.25, 1.75], "texture": "#2"},
				"west": {"uv": [5.25, 3.25, 6.25, 3.5], "texture": "#2"},
				"up": {"uv": [1.75, 6, 1.5, 5], "texture": "#2"},
				"down": {"uv": [4.5, 5, 4.25, 6], "texture": "#2"}
			}
		},
		{
			"from": [7.5, 23.25919, -7.35782],
			"to": [8.5, 24.25919, 9.64218],
			"rotation": {"angle": -22.5, "axis": "x", "origin": [8, 24.14594, 2.6]},
			"faces": {
				"north": {"uv": [1.75, 8, 2, 8.25], "texture": "#2"},
				"east": {"uv": [0, 3, 4.25, 3.25], "texture": "#2"},
				"west": {"uv": [3, 2, 7.25, 2.25], "texture": "#2"},
				"up": {"uv": [0.25, 7.5, 0, 3.25], "texture": "#2"},
				"down": {"uv": [0.5, 3.25, 0.25, 7.5], "texture": "#2"}
			}
		},
		{
			"from": [7.5, 22.26924, -2.34777],
			"to": [8.5, 23.26924, 7.65223],
			"rotation": {"angle": -22.5, "axis": "x", "origin": [8, 24.14594, 2.6]},
			"faces": {
				"north": {"uv": [8, 1.75, 8.25, 2], "texture": "#2"},
				"east": {"uv": [3, 2.75, 5.5, 3], "texture": "#2"},
				"west": {"uv": [4.25, 0, 6.75, 0.25], "texture": "#2"},
				"down": {"uv": [1, 4.25, 0.75, 6.75], "texture": "#2"}
			}
		},
		{
			"from": [7.5, 21.27929, -0.33772],
			"to": [8.5, 22.27929, 7.66228],
			"rotation": {"angle": -22.5, "axis": "x", "origin": [8, 24.14594, 2.6]},
			"faces": {
				"north": {"uv": [2, 8, 2.25, 8.25], "texture": "#2"},
				"east": {"uv": [4.25, 1, 6.25, 1.25], "texture": "#2"},
				"south": {"uv": [8, 2, 8.25, 2.25], "texture": "#2"},
				"west": {"uv": [4.25, 1.25, 6.25, 1.5], "texture": "#2"},
				"down": {"uv": [2, 4.25, 1.75, 6.25], "texture": "#2"}
			}
		},
		{
			"from": [7.5, 20.28934, 0.67233],
			"to": [8.5, 21.28934, 4.67233],
			"rotation": {"angle": -22.5, "axis": "x", "origin": [8, 24.14594, 2.6]},
			"faces": {
				"north": {"uv": [8, 2.25, 8.25, 2.5], "texture": "#2"},
				"east": {"uv": [5.25, 3.5, 6.25, 3.75], "texture": "#2"},
				"south": {"uv": [8, 2.5, 8.25, 2.75], "texture": "#2"},
				"west": {"uv": [5.25, 3.75, 6.25, 4], "texture": "#2"},
				"down": {"uv": [4.75, 5, 4.5, 6], "texture": "#2"}
			}
		},
		{
			"from": [7.5, 24.24914, -6.36787],
			"to": [8.5, 25.24914, 9.63213],
			"rotation": {"angle": -22.5, "axis": "x", "origin": [8, 24.14594, 2.6]},
			"faces": {
				"north": {"uv": [8, 2.75, 8.25, 3], "texture": "#2"},
				"east": {"uv": [3, 2.25, 7, 2.5], "texture": "#2"},
				"west": {"uv": [3, 2.5, 7, 2.75], "texture": "#2"},
				"up": {"uv": [0.75, 7.25, 0.5, 3.25], "texture": "#2"}
			}
		},
		{
			"from": [7.5, 25.23909, 3.62208],
			"to": [8.5, 26.23909, 8.62208],
			"rotation": {"angle": -22.5, "axis": "x", "origin": [8, 24.14594, 2.6]},
			"faces": {
				"north": {"uv": [8, 3, 8.25, 3.25], "texture": "#2"},
				"east": {"uv": [5, 0.25, 6.25, 0.5], "texture": "#2"},
				"west": {"uv": [5, 0.5, 6.25, 0.75], "texture": "#2"},
				"up": {"uv": [1.25, 6.25, 1, 5], "texture": "#2"}
			}
		},
		{
			"from": [7.5, 26.22904, 4.61203],
			"to": [8.5, 27.22904, 7.61203],
			"rotation": {"angle": -22.5, "axis": "x", "origin": [8, 24.14594, 2.6]},
			"faces": {
				"north": {"uv": [3.5, 8, 3.75, 8.25], "texture": "#2"},
				"east": {"uv": [3.25, 7.25, 4, 7.5], "texture": "#2"},
				"south": {"uv": [8, 3.5, 8.25, 3.75], "texture": "#2"},
				"west": {"uv": [4, 7.25, 4.75, 7.5], "texture": "#2"},
				"up": {"uv": [7.5, 4.75, 7.25, 4], "texture": "#2"}
			}
		},
		{
			"from": [7.5, 25.23909, -5.37792],
			"to": [8.5, 26.23909, 1.62208],
			"rotation": {"angle": -22.5, "axis": "x", "origin": [8, 24.14594, 2.6]},
			"faces": {
				"north": {"uv": [3.75, 8, 4, 8.25], "texture": "#2"},
				"east": {"uv": [4.25, 1.5, 6, 1.75], "texture": "#2"},
				"south": {"uv": [8, 3.75, 8.25, 4], "texture": "#2"},
				"west": {"uv": [4.25, 1.75, 6, 2], "texture": "#2"},
				"up": {"uv": [4.25, 6, 4, 4.25], "texture": "#2"}
			}
		},
		{
			"from": [7.5, 26.22904, -4.38797],
			"to": [8.5, 27.22904, 0.61203],
			"rotation": {"angle": -22.5, "axis": "x", "origin": [8, 24.14594, 2.6]},
			"faces": {
				"north": {"uv": [4, 8, 4.25, 8.25], "texture": "#2"},
				"east": {"uv": [5, 0.75, 6.25, 1], "texture": "#2"},
				"south": {"uv": [8, 4, 8.25, 4.25], "texture": "#2"},
				"west": {"uv": [2, 5.25, 3.25, 5.5], "texture": "#2"},
				"up": {"uv": [1.5, 6.25, 1.25, 5], "texture": "#2"}
			}
		},
		{
			"from": [6, 23.9, 7.5],
			"to": [10, 27.9, 11.5],
			"rotation": {"angle": 0, "axis": "y", "origin": [8, -5.1, 4.5]},
			"faces": {
				"north": {"uv": [3.25, 0, 4.25, 1], "texture": "#2"},
				"east": {"uv": [0.75, 3.25, 1.75, 4.25], "texture": "#2"},
				"south": {"uv": [3.25, 1, 4.25, 2], "texture": "#2"},
				"west": {"uv": [1.75, 3.25, 2.75, 4.25], "texture": "#2"},
				"up": {"uv": [3.75, 4.25, 2.75, 3.25], "texture": "#2"},
				"down": {"uv": [4.75, 3.25, 3.75, 4.25], "texture": "#2"}
			}
		},
		{
			"from": [7.5, 23.24264, 10.85736],
			"to": [8.5, 26.24264, 11.85736],
			"rotation": {"angle": 22.5, "axis": "x", "origin": [7.5, 26, 15.1]},
			"faces": {
				"east": {"uv": [7.25, 4.75, 7.5, 5.5], "texture": "#2"},
				"west": {"uv": [6.25, 7.25, 6.5, 8], "texture": "#2"},
				"up": {"uv": [4.5, 8.25, 4.25, 8], "texture": "#2"}
			}
		},
		{
			"from": [7.5, 23.25269, 11.84731],
			"to": [8.5, 27.25269, 12.84731],
			"rotation": {"angle": 22.5, "axis": "x", "origin": [7.5, 26, 15.1]},
			"faces": {
				"north": {"uv": [3.25, 5.25, 3.5, 6.25], "texture": "#2"},
				"east": {"uv": [3.5, 5.25, 3.75, 6.25], "texture": "#2"},
				"south": {"uv": [3.75, 5.25, 4, 6.25], "texture": "#2"},
				"west": {"uv": [5.25, 4, 5.5, 5], "texture": "#2"},
				"up": {"uv": [8.25, 4.5, 8, 4.25], "texture": "#2"},
				"down": {"uv": [4.75, 8, 4.5, 8.25], "texture": "#2"}
			}
		},
		{
			"from": [7.5, 23.26274, 12.83726],
			"to": [8.5, 27.26274, 13.83726],
			"rotation": {"angle": 22.5, "axis": "x", "origin": [7.5, 26, 15.1]},
			"faces": {
				"north": {"uv": [4.75, 5.25, 5, 6.25], "texture": "#2"},
				"east": {"uv": [5, 5.25, 5.25, 6.25], "texture": "#2"},
				"south": {"uv": [5.25, 5, 5.5, 6], "texture": "#2"},
				"west": {"uv": [2, 5.5, 2.25, 6.5], "texture": "#2"},
				"up": {"uv": [8.25, 4.75, 8, 4.5], "texture": "#2"},
				"down": {"uv": [5, 8, 4.75, 8.25], "texture": "#2"}
			}
		},
		{
			"from": [7.5, 24.27279, 13.82721],
			"to": [8.5, 27.27279, 14.82721],
			"rotation": {"angle": 22.5, "axis": "x", "origin": [7.5, 26, 15.1]},
			"faces": {
				"north": {"uv": [6.5, 7.25, 6.75, 8], "texture": "#2"},
				"east": {"uv": [7.25, 6.5, 7.5, 7.25], "texture": "#2"},
				"south": {"uv": [6.75, 7.25, 7, 8], "texture": "#2"},
				"west": {"uv": [7, 7.25, 7.25, 8], "texture": "#2"},
				"up": {"uv": [8.25, 5, 8, 4.75], "texture": "#2"},
				"down": {"uv": [5.25, 8, 5, 8.25], "texture": "#2"}
			}
		},
		{
			"from": [7.5, 24.28284, 14.81716],
			"to": [8.5, 27.28284, 15.81716],
			"rotation": {"angle": 22.5, "axis": "x", "origin": [7.5, 26, 15.1]},
			"faces": {
				"north": {"uv": [7.25, 7.25, 7.5, 8], "texture": "#2"},
				"east": {"uv": [0, 7.5, 0.25, 8.25], "texture": "#2"},
				"south": {"uv": [0.25, 7.5, 0.5, 8.25], "texture": "#2"},
				"west": {"uv": [0.75, 7.5, 1, 8.25], "texture": "#2"},
				"up": {"uv": [8.25, 5.25, 8, 5], "texture": "#2"},
				"down": {"uv": [5.5, 8, 5.25, 8.25], "texture": "#2"}
			}
		},
		{
			"from": [7.5, 23.29289, 15.80711],
			"to": [8.5, 26.29289, 16.80711],
			"rotation": {"angle": 22.5, "axis": "x", "origin": [7.5, 26, 15.1]},
			"faces": {
				"north": {"uv": [1.5, 7.5, 1.75, 8.25], "texture": "#2"},
				"east": {"uv": [2.25, 7.5, 2.5, 8.25], "texture": "#2"},
				"south": {"uv": [7.5, 2.25, 7.75, 3], "texture": "#2"},
				"west": {"uv": [2.5, 7.5, 2.75, 8.25], "texture": "#2"},
				"up": {"uv": [8.25, 5.5, 8, 5.25], "texture": "#2"},
				"down": {"uv": [5.75, 8, 5.5, 8.25], "texture": "#2"}
			}
		},
		{
			"from": [7.5, 22.30294, 16.79706],
			"to": [8.5, 25.30294, 17.79706],
			"rotation": {"angle": 22.5, "axis": "x", "origin": [7.5, 26, 15.1]},
			"faces": {
				"north": {"uv": [2.75, 7.5, 3, 8.25], "texture": "#2"},
				"east": {"uv": [3, 7.5, 3.25, 8.25], "texture": "#2"},
				"south": {"uv": [7.5, 3, 7.75, 3.75], "texture": "#2"},
				"west": {"uv": [3.25, 7.5, 3.5, 8.25], "texture": "#2"},
				"up": {"uv": [8.25, 5.75, 8, 5.5], "texture": "#2"},
				"down": {"uv": [6, 8, 5.75, 8.25], "texture": "#2"}
			}
		},
		{
			"from": [7, -13, 9.6],
			"to": [9, -12, 11.6],
			"rotation": {"angle": -45, "axis": "x", "origin": [7, -12, 9.6]},
			"faces": {
				"north": {"uv": [7.5, 4.25, 8, 4.5], "texture": "#2"},
				"east": {"uv": [7.5, 4.5, 8, 4.75], "texture": "#2"},
				"south": {"uv": [7.5, 4.75, 8, 5], "texture": "#2"},
				"west": {"uv": [5, 7.5, 5.5, 7.75], "texture": "#2"},
				"down": {"uv": [6, 4.5, 5.5, 5], "texture": "#2"}
			}
		},
		{
			"from": [7, -12, 8.6],
			"to": [9, -10, 9.6],
			"rotation": {"angle": -45, "axis": "x", "origin": [7, -12, 9.6]},
			"faces": {
				"north": {"uv": [2.25, 5.5, 2.75, 6], "texture": "#2"},
				"east": {"uv": [3.5, 7.5, 3.75, 8], "texture": "#2"},
				"west": {"uv": [3.75, 7.5, 4, 8], "texture": "#2"},
				"up": {"uv": [4.5, 7.75, 4, 7.5], "texture": "#2"},
				"down": {"uv": [8, 4, 7.5, 4.25], "texture": "#2"}
			}
		},
		{
			"from": [7, -12, 9.6],
			"to": [9, -9, 12.6],
			"rotation": {"angle": -45, "axis": "x", "origin": [7, -12, 9.6]},
			"faces": {
				"north": {"uv": [4.25, 4.25, 4.75, 5], "texture": "#2"},
				"east": {"uv": [4.25, 0.25, 5, 1], "texture": "#2"},
				"south": {"uv": [4.75, 3, 5.25, 3.75], "texture": "#2"},
				"west": {"uv": [1, 4.25, 1.75, 5], "texture": "#2"},
				"up": {"uv": [5.25, 4.5, 4.75, 3.75], "texture": "#2"},
				"down": {"uv": [5.25, 4.5, 4.75, 5.25], "texture": "#2"}
			}
		},
		{
			"from": [7.4, 20.9, -5],
			"to": [7.4, 24.9, 8],
			"rotation": {"angle": -22.5, "axis": "x", "origin": [7.4, 21.9, 0]},
			"faces": {
				"east": {"uv": [0, 0, 3.25, 1], "texture": "#2"},
				"west": {"uv": [0, 1, 3.25, 2], "texture": "#2"}
			}
		},
		{
			"from": [8.6, 20.9, -5],
			"to": [8.6, 24.9, 8],
			"rotation": {"angle": -22.5, "axis": "x", "origin": [8.6, 21.9, 0]},
			"faces": {
				"east": {"uv": [0, 0, 3.25, 1], "texture": "#2"},
				"west": {"uv": [0, 1, 3.25, 2], "texture": "#2"}
			}
		},
		{
			"from": [7, 26.5, 8],
			"to": [9, 30.5, 10],
			"rotation": {"angle": -45, "axis": "x", "origin": [7, 26.5, 8]},
			"faces": {
				"north": {"uv": [2, 4.25, 2.5, 5.25], "texture": "#2"},
				"east": {"uv": [2.5, 4.25, 3, 5.25], "texture": "#2"},
				"south": {"uv": [3, 4.25, 3.5, 5.25], "texture": "#2"},
				"west": {"uv": [3.5, 4.25, 4, 5.25], "texture": "#2"},
				"up": {"uv": [6, 5.5, 5.5, 5], "texture": "#2"},
				"down": {"uv": [6, 5.5, 5.5, 6], "texture": "#2"}
			}
		},
		{
			"from": [8, 27.9, 8.2],
			"to": [8, 31.9, 14.2],
			"rotation": {"angle": 0, "axis": "x", "origin": [7, 27.9, 8.2]},
			"faces": {
				"east": {"uv": [0, 2, 1.5, 3], "texture": "#2"},
				"west": {"uv": [1.5, 2, 3, 3], "texture": "#2"}
			}
		}
	],
	"display": {
		"firstperson_righthand": {
			"rotation": [10.17, -0.5, -7.37],
			"translation": [-0.75, -8.75, -2.25]
		},
		"firstperson_lefthand": {
			"rotation": [10.17, -0.5, -7.37],
			"translation": [-0.75, -8.75, -2.25]
		},
		"ground": {
			"rotation": [0, 90, 0],
			"translation": [0, 8, 0],
			"scale": [0.6, 0.6, 0.6]
		}
	},
	"groups": [
		{
			"name": "lezvie",
			"origin": [7.8, 15.64594, 8.9],
			"color": 0,
			"children": [0, 1, 2, 3, 4, 5, 6, 7, 8, 9, 10, 11, 12, 13, 14, 15, 16, 17, 18, 19, 20, 21, 22, 23, 24, 25, 26, 27, 28, 29, 30, 31, 32, 33, 34, 35]
		},
		36,
		{
			"name": "zad",
			"origin": [7.5, 27, 15.1],
			"color": 0,
			"children": [37, 38, 39, 40, 41, 42, 43]
		},
		44,
		45,
		46,
		47,
		48,
		49,
		50
	]
}