{
	"credit": "Made with Blockbench",
	"texture_size": [32, 32],
	"textures": {
		"2": "irons_spellbooks:item/hither_thither_wand_handled",
		"particle": "irons_spellbooks:item/hither_thither_wand_handled"
	},
	"elements": [
		{
			"from": [6.5, -0.8, 6.7],
			"to": [9.5, 2.2, 9.7],
			"rotation": {"angle": 0, "axis": "y", "origin": [7.5, 0.2, 6.7]},
			"faces": {
				"north": {"uv": [4, 2.5, 5.5, 4], "texture": "#2"},
				"east": {"uv": [4, 4, 5.5, 5.5], "texture": "#2"},
				"south": {"uv": [5, 0, 6.5, 1.5], "texture": "#2"},
				"west": {"uv": [2, 5, 3.5, 6.5], "texture": "#2"},
				"up": {"uv": [1.5, 7, 0, 5.5], "texture": "#2"},
				"down": {"uv": [7, 1.5, 5.5, 3], "texture": "#2"}
			}
		},
		{
			"from": [6.5, 12, 6.7],
			"to": [9.5, 13, 11.7],
			"rotation": {"angle": 0, "axis": "y", "origin": [7.5, 13, 7.7]},
			"faces": {
				"north": {"uv": [8.5, 3.5, 10, 4], "texture": "#2"},
				"east": {"uv": [7.5, 5.5, 10, 6], "texture": "#2"},
				"south": {"uv": [8.5, 5, 10, 5.5], "texture": "#2"},
				"west": {"uv": [7.5, 6.5, 10, 7], "texture": "#2"},
				"up": {"uv": [1.5, 2.5, 0, 0], "texture": "#2"},
				"down": {"uv": [3, 0, 1.5, 2.5], "texture": "#2"}
			}
		},
		{
			"from": [7.5, 8.12437, 16.77843],
			"to": [8.5, 9.12437, 17.77843],
			"rotation": {"angle": -45, "axis": "x", "origin": [8, -1.45406, 8.2]},
			"faces": {
				"north": {"uv": [3.5, 5, 4, 5.5], "texture": "#2"},
				"east": {"uv": [7, 9, 7.5, 9.5], "texture": "#2"},
				"west": {"uv": [3, 9.5, 3.5, 10], "texture": "#2"}
			}
		},
		{
			"from": [7.5, 7.42437, 17.47843],
			"to": [8.5, 8.42437, 19.47843],
			"rotation": {"angle": -45, "axis": "x", "origin": [8, -2.15406, 8.9]},
			"faces": {
				"north": {"uv": [7, 9.5, 7.5, 10], "texture": "#2"},
				"east": {"uv": [9, 0.5, 10, 1], "texture": "#2"},
				"west": {"uv": [9, 1, 10, 1.5], "texture": "#2"}
			}
		},
		{
			"from": [7.5, 6.02437, 17.47843],
			"to": [8.5, 7.02437, 21.47843],
			"rotation": {"angle": -45, "axis": "x", "origin": [8, -3.55406, 8.9]},
			"faces": {
				"north": {"uv": [9.5, 7.5, 10, 8], "texture": "#2"},
				"east": {"uv": [7.5, 7, 9.5, 7.5], "texture": "#2"},
				"west": {"uv": [7.5, 7.5, 9.5, 8], "texture": "#2"},
				"up": {"uv": [8.5, 4, 8, 2], "texture": "#2"}
			}
		},
		{
			"from": [7.5, 5.02437, 16.47843],
			"to": [8.5, 6.02437, 21.47843],
			"rotation": {"angle": -45, "axis": "x", "origin": [8, -3.55406, 8.9]},
			"faces": {
				"north": {"uv": [8.5, 9.5, 9, 10], "texture": "#2"},
				"east": {"uv": [6.5, 0.5, 9, 1], "texture": "#2"},
				"south": {"uv": [9, 9.5, 9.5, 10], "texture": "#2"},
				"west": {"uv": [6.5, 1, 9, 1.5], "texture": "#2"},
				"up": {"uv": [7, 9, 6.5, 6.5], "texture": "#2"},
				"down": {"uv": [0.5, 7, 0, 9.5], "texture": "#2"}
			}
		},
		{
			"from": [7.5, 4.02437, 16.47843],
			"to": [8.5, 5.02437, 19.47843],
			"rotation": {"angle": -45, "axis": "x", "origin": [8, -3.55406, 8.9]},
			"faces": {
				"north": {"uv": [9.5, 9.5, 10, 10], "texture": "#2"},
				"east": {"uv": [8, 4, 9.5, 4.5], "texture": "#2"},
				"south": {"uv": [0, 10, 0.5, 10.5], "texture": "#2"},
				"west": {"uv": [8, 6, 9.5, 6.5], "texture": "#2"}
			}
		},
		{
			"from": [7.5, 3.02437, 13.47843],
			"to": [8.5, 4.02437, 19.47843],
			"rotation": {"angle": -45, "axis": "x", "origin": [8, -3.55406, 8.9]},
			"faces": {
				"north": {"uv": [0.5, 10, 1, 10.5], "texture": "#2"},
				"east": {"uv": [4.5, 5.5, 7.5, 6], "texture": "#2"},
				"south": {"uv": [10, 0.5, 10.5, 1], "texture": "#2"},
				"west": {"uv": [5.5, 5, 8.5, 5.5], "texture": "#2"},
				"up": {"uv": [2, 8.5, 1.5, 5.5], "texture": "#2"},
				"down": {"uv": [5, 6, 4.5, 9], "texture": "#2"}
			}
		},
		{
			"from": [7.5, 1.02437, 11.47843],
			"to": [8.5, 2.02437, 16.47843],
			"rotation": {"angle": -45, "axis": "x", "origin": [8, -3.55406, 8.9]},
			"faces": {
				"north": {"uv": [1, 10, 1.5, 10.5], "texture": "#2"},
				"east": {"uv": [6.5, 4.5, 9, 5], "texture": "#2"},
				"south": {"uv": [10, 1, 10.5, 1.5], "texture": "#2"},
				"west": {"uv": [7, 1.5, 9.5, 2], "texture": "#2"},
				"up": {"uv": [1, 9.5, 0.5, 7], "texture": "#2"},
				"down": {"uv": [1.5, 7, 1, 9.5], "texture": "#2"}
			}
		},
		{
			"from": [7.5, 2.02437, 12.47843],
			"to": [8.5, 3.02437, 18.47843],
			"rotation": {"angle": -45, "axis": "x", "origin": [8, -3.55406, 8.9]},
			"faces": {
				"north": {"uv": [1.5, 10, 2, 10.5], "texture": "#2"},
				"east": {"uv": [5, 6, 8, 6.5], "texture": "#2"},
				"south": {"uv": [2, 10, 2.5, 10.5], "texture": "#2"},
				"west": {"uv": [6.5, 0, 9.5, 0.5], "texture": "#2"},
				"up": {"uv": [2.5, 9.5, 2, 6.5], "texture": "#2"},
				"down": {"uv": [3, 6.5, 2.5, 9.5], "texture": "#2"}
			}
		},
		{
			"from": [7.5, 0.02437, 12.47843],
			"to": [8.5, 1.02437, 14.47843],
			"rotation": {"angle": -45, "axis": "x", "origin": [8, -3.55406, 8.9]},
			"faces": {
				"north": {"uv": [10, 2, 10.5, 2.5], "texture": "#2"},
				"east": {"uv": [9, 2, 10, 2.5], "texture": "#2"},
				"south": {"uv": [2.5, 10, 3, 10.5], "texture": "#2"},
				"west": {"uv": [9, 2.5, 10, 3], "texture": "#2"},
				"down": {"uv": [7, 9, 6.5, 10], "texture": "#2"}
			}
		},
		{
			"from": [7, 13.4, 6.1],
			"to": [9, 18.4, 7.1],
			"rotation": {"angle": 45, "axis": "x", "origin": [8, 11.4, 6.1]},
			"faces": {
				"east": {"uv": [7, 6.5, 7.5, 9], "texture": "#2"},
				"south": {"uv": [3, 0, 4, 2.5], "texture": "#2"},
				"west": {"uv": [7.5, 2, 8, 4.5], "texture": "#2"},
				"up": {"uv": [10, 3.5, 9, 3], "texture": "#2"}
			}
		},
		{
			"from": [7, 14, 6.1],
			"to": [9, 17, 7.1],
			"rotation": {"angle": 45, "axis": "x", "origin": [8, 10, 6.1]},
			"faces": {
				"east": {"uv": [8.5, 2, 9, 3.5], "texture": "#2"},
				"south": {"uv": [5, 6.5, 6, 8], "texture": "#2"},
				"west": {"uv": [8.5, 8, 9, 9.5], "texture": "#2"},
				"up": {"uv": [10, 8.5, 9, 8], "texture": "#2"}
			}
		},
		{
			"from": [7, 13.8, 6.1],
			"to": [9, 19.8, 7.1],
			"rotation": {"angle": 45, "axis": "x", "origin": [8, 12.8, 6.1]},
			"faces": {
				"north": {"uv": [0, 2.5, 1, 5.5], "texture": "#2"},
				"east": {"uv": [3, 6.5, 3.5, 9.5], "texture": "#2"},
				"south": {"uv": [1, 2.5, 2, 5.5], "texture": "#2"},
				"west": {"uv": [6, 6.5, 6.5, 9.5], "texture": "#2"},
				"up": {"uv": [10, 9.5, 9, 9], "texture": "#2"},
				"down": {"uv": [1, 9.5, 0, 10], "texture": "#2"}
			}
		},
		{
			"from": [7, 15.2, 6.1],
			"to": [9, 20.2, 7.1],
			"rotation": {"angle": 45, "axis": "x", "origin": [8, 14.2, 6.1]},
			"faces": {
				"north": {"uv": [3, 2.5, 4, 5], "texture": "#2"},
				"east": {"uv": [3.5, 7.5, 4, 10], "texture": "#2"},
				"west": {"uv": [4, 7.5, 4.5, 10], "texture": "#2"},
				"up": {"uv": [10.5, 0.5, 9.5, 0], "texture": "#2"},
				"down": {"uv": [10.5, 1.5, 9.5, 2], "texture": "#2"}
			}
		},
		{
			"from": [7, 16.6, 6.1],
			"to": [9, 20.6, 7.1],
			"rotation": {"angle": 45, "axis": "x", "origin": [8, 15.6, 6.1]},
			"faces": {
				"north": {"uv": [5.5, 3, 6.5, 5], "texture": "#2"},
				"east": {"uv": [5.5, 8, 6, 10], "texture": "#2"},
				"west": {"uv": [7.5, 8, 8, 10], "texture": "#2"},
				"up": {"uv": [3, 10, 2, 9.5], "texture": "#2"},
				"down": {"uv": [10.5, 4, 9.5, 4.5], "texture": "#2"}
			}
		}
	],
	"display": {
		"firstperson_righthand": {
			"rotation": [10.17, -0.5, -7.37],
			"translation": [-0.75, 0, -0.5]
		},
		"firstperson_lefthand": {
			"rotation": [10.17, -0.5, -7.37],
			"translation": [-0.75, 0, -0.5]
		},
		"ground": {
			"rotation": [0, 90, 0],
			"translation": [0, 3.25, 0],
			"scale": [0.7, 0.7, 0.7]
		}
	},
	"groups": [
		0,
		1,
		{
			"name": "stik",
			"origin": [8, -4.05406, 8.9],
			"color": 0,
			"children": [2, 3, 4, 5, 6, 7, 8, 9, 10]
		},
		{
			"name": "stone",
			"origin": [7, 9, 9.1],
			"color": 0,
			"configs": {
				"variants": {}
			},
			"children": [11, 12, 13, 14, 15]
		}
	]
}