{
	"credit": "Made with Blockbench",
	"texture_size": [32, 32],
	"textures": {
		"1": "irons_spellbooks:item/lightning_rod"
	},
	"elements": [
		{
			"from": [7.5, 3.52437, 17.47843],
			"to": [8.5, 4.52437, 20.47843],
			"rotation": {"angle": -45, "axis": "x", "origin": [8, -6.05406, 7.9]},
			"faces": {
				"north": {"uv": [8.5, 5.5, 9, 6], "texture": "#1"},
				"east": {"uv": [3.5, 1.5, 5, 2], "texture": "#1"},
				"south": {"uv": [8.5, 6, 9, 6.5], "texture": "#1"},
				"west": {"uv": [3.5, 4, 5, 4.5], "texture": "#1"},
				"up": {"uv": [5, 3.5, 4.5, 2], "texture": "#1"},
				"down": {"uv": [4, 4.5, 3.5, 6], "texture": "#1"}
			}
		},
		{
			"from": [7.5, 2.52437, 16.47843],
			"to": [8.5, 3.52437, 19.47843],
			"rotation": {"angle": -45, "axis": "x", "origin": [8, -6.05406, 7.9]},
			"faces": {
				"north": {"uv": [8.5, 6.5, 9, 7], "texture": "#1"},
				"east": {"uv": [4.5, 3.5, 6, 4], "texture": "#1"},
				"south": {"uv": [7, 8.5, 7.5, 9], "texture": "#1"},
				"west": {"uv": [4, 4.5, 5.5, 5], "texture": "#1"},
				"up": {"uv": [5.5, 1.5, 5, 0], "texture": "#1"},
				"down": {"uv": [2, 5, 1.5, 6.5], "texture": "#1"}
			}
		},
		{
			"from": [7.5, 1.52437, 15.47843],
			"to": [8.5, 2.52437, 18.47843],
			"rotation": {"angle": -45, "axis": "x", "origin": [8, -6.05406, 7.9]},
			"faces": {
				"north": {"uv": [7.5, 8.5, 8, 9], "texture": "#1"},
				"east": {"uv": [5, 1.5, 6.5, 2], "texture": "#1"},
				"south": {"uv": [8, 8.5, 8.5, 9], "texture": "#1"},
				"west": {"uv": [2, 5, 3.5, 5.5], "texture": "#1"},
				"up": {"uv": [5.5, 3.5, 5, 2], "texture": "#1"},
				"down": {"uv": [4.5, 5, 4, 6.5], "texture": "#1"}
			}
		},
		{
			"from": [7.5, 0.52437, 14.47843],
			"to": [8.5, 1.52437, 17.47843],
			"rotation": {"angle": -45, "axis": "x", "origin": [8, -6.05406, 7.9]},
			"faces": {
				"north": {"uv": [8.5, 8, 9, 8.5], "texture": "#1"},
				"east": {"uv": [5, 4, 6.5, 4.5], "texture": "#1"},
				"south": {"uv": [8.5, 8.5, 9, 9], "texture": "#1"},
				"west": {"uv": [4.5, 5, 6, 5.5], "texture": "#1"},
				"up": {"uv": [0.5, 7, 0, 5.5], "texture": "#1"},
				"down": {"uv": [6, 0, 5.5, 1.5], "texture": "#1"}
			}
		},
		{
			"from": [7.5, -0.47563, 13.47843],
			"to": [8.5, 0.52437, 16.47843],
			"rotation": {"angle": -45, "axis": "x", "origin": [8, -6.05406, 7.9]},
			"faces": {
				"north": {"uv": [0, 9, 0.5, 9.5], "texture": "#1"},
				"east": {"uv": [2, 5.5, 3.5, 6], "texture": "#1"},
				"south": {"uv": [0.5, 9, 1, 9.5], "texture": "#1"},
				"west": {"uv": [5.5, 2, 7, 2.5], "texture": "#1"},
				"up": {"uv": [1, 7, 0.5, 5.5], "texture": "#1"},
				"down": {"uv": [1.5, 5.5, 1, 7], "texture": "#1"}
			}
		},
		{
			"from": [7.5, -1.47563, 12.47843],
			"to": [8.5, -0.47563, 15.47843],
			"rotation": {"angle": -45, "axis": "x", "origin": [8, -6.05406, 7.9]},
			"faces": {
				"north": {"uv": [1, 9, 1.5, 9.5], "texture": "#1"},
				"east": {"uv": [5.5, 2.5, 7, 3], "texture": "#1"},
				"south": {"uv": [9, 1, 9.5, 1.5], "texture": "#1"},
				"west": {"uv": [5.5, 3, 7, 3.5], "texture": "#1"},
				"up": {"uv": [5, 7, 4.5, 5.5], "texture": "#1"},
				"down": {"uv": [5.5, 5.5, 5, 7], "texture": "#1"}
			}
		},
		{
			"from": [7.5, -2.47563, 11.47843],
			"to": [8.5, -1.47563, 14.47843],
			"rotation": {"angle": -45, "axis": "x", "origin": [8, -6.05406, 7.9]},
			"faces": {
				"north": {"uv": [9, 1.5, 9.5, 2], "texture": "#1"},
				"east": {"uv": [5.5, 4.5, 7, 5], "texture": "#1"},
				"south": {"uv": [2, 9, 2.5, 9.5], "texture": "#1"},
				"west": {"uv": [5.5, 5.5, 7, 6], "texture": "#1"},
				"up": {"uv": [6.5, 1.5, 6, 0], "texture": "#1"},
				"down": {"uv": [2.5, 6, 2, 7.5], "texture": "#1"}
			}
		},
		{
			"from": [7.5, -3.47563, 10.47843],
			"to": [8.5, -2.47563, 13.47843],
			"rotation": {"angle": -45, "axis": "x", "origin": [8, -6.05406, 7.9]},
			"faces": {
				"north": {"uv": [9, 2, 9.5, 2.5], "texture": "#1"},
				"east": {"uv": [2.5, 6, 4, 6.5], "texture": "#1"},
				"south": {"uv": [9, 2.5, 9.5, 3], "texture": "#1"},
				"west": {"uv": [6, 3.5, 7.5, 4], "texture": "#1"},
				"up": {"uv": [6, 7.5, 5.5, 6], "texture": "#1"},
				"down": {"uv": [6.5, 6, 6, 7.5], "texture": "#1"}
			}
		},
		{
			"from": [7.5, -4.47563, 9.47843],
			"to": [8.5, -3.47563, 12.47843],
			"rotation": {"angle": -45, "axis": "x", "origin": [8, -6.05406, 7.9]},
			"faces": {
				"north": {"uv": [3, 9, 3.5, 9.5], "texture": "#1"},
				"east": {"uv": [6, 5, 7.5, 5.5], "texture": "#1"},
				"south": {"uv": [9, 3, 9.5, 3.5], "texture": "#1"},
				"west": {"uv": [6.5, 0, 8, 0.5], "texture": "#1"},
				"up": {"uv": [7, 2, 6.5, 0.5], "texture": "#1"},
				"down": {"uv": [2, 6.5, 1.5, 8], "texture": "#1"}
			}
		},
		{
			"from": [7.5, -5.47563, 8.47843],
			"to": [8.5, -4.47563, 11.47843],
			"rotation": {"angle": -45, "axis": "x", "origin": [8, -6.05406, 7.9]},
			"faces": {
				"north": {"uv": [3.5, 9, 4, 9.5], "texture": "#1"},
				"east": {"uv": [2.5, 6.5, 4, 7], "texture": "#1"},
				"south": {"uv": [9, 3.5, 9.5, 4], "texture": "#1"},
				"west": {"uv": [6.5, 4, 8, 4.5], "texture": "#1"},
				"up": {"uv": [4.5, 8, 4, 6.5], "texture": "#1"},
				"down": {"uv": [7, 6, 6.5, 7.5], "texture": "#1"}
			}
		},
		{
			"from": [7.5, -7.87563, 7.47843],
			"to": [8.5, -6.87563, 10.47843],
			"rotation": {"angle": -45, "axis": "x", "origin": [8, -7.45406, 7.9]},
			"faces": {
				"north": {"uv": [9, 4, 9.5, 4.5], "texture": "#1"},
				"east": {"uv": [0, 7, 1.5, 7.5], "texture": "#1"},
				"south": {"uv": [4.5, 9, 5, 9.5], "texture": "#1"},
				"west": {"uv": [7, 0.5, 8.5, 1], "texture": "#1"},
				"up": {"uv": [7.5, 2.5, 7, 1], "texture": "#1"},
				"down": {"uv": [3, 7, 2.5, 8.5], "texture": "#1"}
			}
		},
		{
			"from": [7.5, -9.27563, 7.47843],
			"to": [8.5, -8.27563, 10.47843],
			"rotation": {"angle": -45, "axis": "x", "origin": [8, -8.85406, 7.9]},
			"faces": {
				"north": {"uv": [5, 9, 5.5, 9.5], "texture": "#1"},
				"east": {"uv": [7, 2.5, 8.5, 3], "texture": "#1"},
				"south": {"uv": [9, 5, 9.5, 5.5], "texture": "#1"},
				"west": {"uv": [7, 3, 8.5, 3.5], "texture": "#1"},
				"up": {"uv": [3.5, 8.5, 3, 7], "texture": "#1"},
				"down": {"uv": [4, 7, 3.5, 8.5], "texture": "#1"}
			}
		},
		{
			"from": [7.5, -10.67563, 7.47843],
			"to": [8.5, -9.67563, 10.47843],
			"rotation": {"angle": -45, "axis": "x", "origin": [8, -10.25406, 7.9]},
			"faces": {
				"north": {"uv": [5.5, 9, 6, 9.5], "texture": "#1"},
				"east": {"uv": [7, 4.5, 8.5, 5], "texture": "#1"},
				"south": {"uv": [9, 5.5, 9.5, 6], "texture": "#1"},
				"west": {"uv": [7, 5.5, 8.5, 6], "texture": "#1"},
				"up": {"uv": [5, 8.5, 4.5, 7], "texture": "#1"},
				"down": {"uv": [5.5, 7, 5, 8.5], "texture": "#1"}
			}
		},
		{
			"from": [7.5, -12.07563, 7.47843],
			"to": [8.5, -11.07563, 10.47843],
			"rotation": {"angle": -45, "axis": "x", "origin": [8, -11.65406, 7.9]},
			"faces": {
				"north": {"uv": [6, 9, 6.5, 9.5], "texture": "#1"},
				"east": {"uv": [7, 6, 8.5, 6.5], "texture": "#1"},
				"south": {"uv": [9, 6, 9.5, 6.5], "texture": "#1"},
				"west": {"uv": [7, 6.5, 8.5, 7], "texture": "#1"},
				"up": {"uv": [7.5, 8.5, 7, 7], "texture": "#1"},
				"down": {"uv": [0.5, 7.5, 0, 9], "texture": "#1"}
			}
		},
		{
			"from": [7.5, -13.47563, 7.47843],
			"to": [8.5, -12.47563, 10.47843],
			"rotation": {"angle": -45, "axis": "x", "origin": [8, -13.05406, 7.9]},
			"faces": {
				"north": {"uv": [6.5, 9, 7, 9.5], "texture": "#1"},
				"east": {"uv": [7.5, 1, 9, 1.5], "texture": "#1"},
				"south": {"uv": [9, 6.5, 9.5, 7], "texture": "#1"},
				"west": {"uv": [7.5, 1.5, 9, 2], "texture": "#1"},
				"up": {"uv": [1, 9, 0.5, 7.5], "texture": "#1"},
				"down": {"uv": [1.5, 7.5, 1, 9], "texture": "#1"}
			}
		},
		{
			"from": [7.5, -14.87563, 8.47843],
			"to": [8.5, -13.87563, 10.47843],
			"rotation": {"angle": -45, "axis": "x", "origin": [8, -14.45406, 7.9]},
			"faces": {
				"north": {"uv": [7, 9, 7.5, 9.5], "texture": "#1"},
				"east": {"uv": [8, 4, 9, 4.5], "texture": "#1"},
				"south": {"uv": [9, 7, 9.5, 7.5], "texture": "#1"},
				"west": {"uv": [7.5, 8, 8.5, 8.5], "texture": "#1"},
				"down": {"uv": [9, 2.5, 8.5, 3.5], "texture": "#1"}
			}
		},
		{
			"from": [7.5, -6.47563, 7.47843],
			"to": [8.5, -5.47563, 10.47843],
			"rotation": {"angle": -45, "axis": "x", "origin": [8, -6.05406, 7.9]},
			"faces": {
				"north": {"uv": [7.5, 9, 8, 9.5], "texture": "#1"},
				"east": {"uv": [7.5, 2, 9, 2.5], "texture": "#1"},
				"south": {"uv": [9, 7.5, 9.5, 8], "texture": "#1"},
				"west": {"uv": [7.5, 3.5, 9, 4], "texture": "#1"},
				"up": {"uv": [2.5, 9, 2, 7.5], "texture": "#1"},
				"down": {"uv": [6, 7.5, 5.5, 9], "texture": "#1"}
			}
		},
		{
			"from": [7.5, 4.92437, 17.47843],
			"to": [8.5, 5.92437, 20.47843],
			"rotation": {"angle": -45, "axis": "x", "origin": [8, -4.65406, 7.9]},
			"faces": {
				"north": {"uv": [8, 9, 8.5, 9.5], "texture": "#1"},
				"east": {"uv": [7.5, 5, 9, 5.5], "texture": "#1"},
				"west": {"uv": [7.5, 7, 9, 7.5], "texture": "#1"},
				"up": {"uv": [6.5, 9, 6, 7.5], "texture": "#1"}
			}
		},
		{
			"from": [7.5, 6.32437, 17.47843],
			"to": [8.5, 7.32437, 20.47843],
			"rotation": {"angle": -45, "axis": "x", "origin": [8, -3.25406, 7.9]},
			"faces": {
				"east": {"uv": [7.5, 7.5, 9, 8], "texture": "#1"},
				"west": {"uv": [8, 0, 9.5, 0.5], "texture": "#1"}
			}
		},
		{
			"from": [7.5, 7.72437, 17.47843],
			"to": [8.5, 8.72437, 20.47843],
			"rotation": {"angle": -45, "axis": "x", "origin": [8, -1.85406, 7.9]},
			"color": 4,
			"faces": {
				"east": {"uv": [1, 3, 3, 3.5], "texture": "#missing"},
				"west": {"uv": [3, 1, 5, 1.5], "texture": "#missing"}
			}
		},
		{
			"from": [7.5, 8.42437, 17.77843],
			"to": [8.5, 9.42437, 19.77843],
			"rotation": {"angle": -45, "axis": "x", "origin": [8, -1.15406, 7.2]},
			"color": 7,
			"faces": {
				"east": {"uv": [7.5, 2, 9, 2.5], "texture": "#missing"},
				"west": {"uv": [7.5, 3.5, 9, 4], "texture": "#missing"}
			}
		},
		{
			"name": "pommel",
			"from": [6, 13.8, 6.6],
			"to": [10, 17.8, 10.6],
			"rotation": {"angle": 0, "axis": "y", "origin": [7.5, -18.2, 9.1]},
			"faces": {
				"north": {"uv": [0, 0, 2, 2], "texture": "#1"},
				"east": {"uv": [0, 2, 2, 0], "texture": "#1"},
				"south": {"uv": [2, 2, 0, 0], "texture": "#1"},
				"west": {"uv": [2, 2, 0, 0], "texture": "#1"},
				"up": {"uv": [2, 0, 0, 2], "texture": "#1"},
				"down": {"uv": [2, 0, 0, 2], "texture": "#1"}
			}
		},
		{
			"from": [7, -12.8, 7.6],
			"to": [9, -11.8, 9.6],
			"rotation": {"angle": 0, "axis": "y", "origin": [8, 0.2, 8.6]},
			"faces": {
				"north": {"uv": [8.5, 0.5, 9.5, 1], "texture": "#1"},
				"east": {"uv": [3, 8.5, 4, 9], "texture": "#1"},
				"south": {"uv": [4.5, 8.5, 5.5, 9], "texture": "#1"},
				"west": {"uv": [8.5, 4.5, 9.5, 5], "texture": "#1"},
				"up": {"uv": [2.5, 5, 1.5, 4], "texture": "#1"},
				"down": {"uv": [3.5, 4, 2.5, 5], "texture": "#1"}
			}
		},
		{
			"from": [6.5, 9.8, 7.1],
			"to": [9.5, 13.8, 10.1],
			"rotation": {"angle": 0, "axis": "y", "origin": [7.5, 10.8, 8.1]},
			"faces": {
				"north": {"uv": [0, 2, 1.5, 4], "texture": "#1"},
				"east": {"uv": [2, 0, 3.5, 2], "texture": "#1"},
				"south": {"uv": [1.5, 2, 3, 4], "texture": "#1"},
				"west": {"uv": [3, 2, 4.5, 4], "texture": "#1"},
				"down": {"uv": [1.5, 4, 0, 5.5], "texture": "#1"}
			}
		}
	],
	"gui_light": "front",
	"display": {
		"thirdperson_righthand": {
			"translation": [0, 3, 1.25]
		},
		"thirdperson_lefthand": {
			"translation": [0, 3, 1.25]
		},
		"firstperson_righthand": {
			"translation": [1.5, 0, -2.75]
		},
		"firstperson_lefthand": {
			"translation": [1.5, 0, -2.75]
		},
		"ground": {
			"rotation": [0, 90, 0],
			"translation": [0, 11, 0],
			"scale": [0.6, 0.6, 0.6]
		},
		"gui": {
			"rotation": [-13, 128, 65],
			"translation": [1, 1.25, 0],
			"scale": [0.6, 0.6, 0.6]
		},
		"fixed": {
			"translation": [0, 1.75, -0.75],
			"scale": [0.55, 0.55, 0.55]
		}
	},
	"groups": [
		{
			"name": "lezvie",
			"origin": [7.8, 15.64594, 8.9],
			"color": 0,
			"children": [0, 1, 2, 3, 4, 5, 6, 7, 8, 9, 10, 11, 12, 13, 14, 15, 16, 17, 18, 19, 20]
		},
		21,
		22,
		23
	]
}