{
	"credit": "Made with Blockbench",
	"texture_size": [32, 32],
	"textures": {
		"2": "irons_spellbooks:item/magehunter",
		"particle": "irons_spellbooks:item/magehunter"
	},
	"elements": [
		{
			"from": [7.1, 11.42437, 8.37843],
			"to": [8.1, 12.42437, 13.37843],
			"rotation": {"angle": -45, "axis": "x", "origin": [7.6, 10.84594, 9.8]},
			"faces": {
				"east": {"uv": [6.5, 3.5, 9, 4], "texture": "#2"},
				"south": {"uv": [1, 11.5, 1.5, 12], "texture": "#2"},
				"west": {"uv": [6.5, 4, 9, 4.5], "texture": "#2"},
				"up": {"uv": [7, 7, 6.5, 4.5], "texture": "#2"},
				"down": {"uv": [2.5, 7, 2, 9.5], "texture": "#2"}
			}
		},
		{
			"from": [7.1, 12.42437, 9.37843],
			"to": [8.1, 13.42437, 14.37843],
			"rotation": {"angle": -45, "axis": "x", "origin": [7.6, 10.84594, 9.8]},
			"faces": {
				"north": {"uv": [11.5, 1, 12, 1.5], "texture": "#2"},
				"east": {"uv": [7, 4.5, 9.5, 5], "texture": "#2"},
				"south": {"uv": [1.5, 11.5, 2, 12], "texture": "#2"},
				"west": {"uv": [7, 5, 9.5, 5.5], "texture": "#2"},
				"up": {"uv": [3, 9.5, 2.5, 7], "texture": "#2"},
				"down": {"uv": [3.5, 7, 3, 9.5], "texture": "#2"}
			}
		},
		{
			"from": [7.1, 13.42437, 10.37843],
			"to": [8.1, 14.42437, 15.37843],
			"rotation": {"angle": -45, "axis": "x", "origin": [7.6, 10.84594, 9.8]},
			"faces": {
				"north": {"uv": [11.5, 1.5, 12, 2], "texture": "#2"},
				"east": {"uv": [5.5, 7, 8, 7.5], "texture": "#2"},
				"south": {"uv": [2, 11.5, 2.5, 12], "texture": "#2"},
				"west": {"uv": [7, 5.5, 9.5, 6], "texture": "#2"},
				"up": {"uv": [4, 9.5, 3.5, 7], "texture": "#2"},
				"down": {"uv": [4.5, 7, 4, 9.5], "texture": "#2"}
			}
		},
		{
			"from": [7.1, 14.42437, 11.37843],
			"to": [8.1, 15.42437, 16.37843],
			"rotation": {"angle": -45, "axis": "x", "origin": [7.6, 10.84594, 9.8]},
			"faces": {
				"north": {"uv": [11.5, 2, 12, 2.5], "texture": "#2"},
				"east": {"uv": [7, 6, 9.5, 6.5], "texture": "#2"},
				"south": {"uv": [2.5, 11.5, 3, 12], "texture": "#2"},
				"west": {"uv": [7, 6.5, 9.5, 7], "texture": "#2"},
				"up": {"uv": [8, 3.5, 7.5, 1], "texture": "#2"},
				"down": {"uv": [6, 7.5, 5.5, 10], "texture": "#2"}
			}
		},
		{
			"from": [7.1, 15.42437, 12.37843],
			"to": [8.1, 16.42437, 17.37843],
			"rotation": {"angle": -45, "axis": "x", "origin": [7.6, 10.84594, 9.8]},
			"faces": {
				"north": {"uv": [11.5, 2.5, 12, 3], "texture": "#2"},
				"east": {"uv": [6, 7.5, 8.5, 8], "texture": "#2"},
				"south": {"uv": [3, 11.5, 3.5, 12], "texture": "#2"},
				"west": {"uv": [8, 1, 10.5, 1.5], "texture": "#2"},
				"up": {"uv": [6.5, 10.5, 6, 8], "texture": "#2"},
				"down": {"uv": [7, 8, 6.5, 10.5], "texture": "#2"}
			}
		},
		{
			"from": [7.1, 16.42437, 13.37843],
			"to": [8.1, 17.42437, 18.37843],
			"rotation": {"angle": -45, "axis": "x", "origin": [7.6, 10.84594, 9.8]},
			"faces": {
				"north": {"uv": [3.5, 11.5, 4, 12], "texture": "#2"},
				"east": {"uv": [8, 1.5, 10.5, 2], "texture": "#2"},
				"south": {"uv": [4, 11.5, 4.5, 12], "texture": "#2"},
				"west": {"uv": [8, 2, 10.5, 2.5], "texture": "#2"},
				"up": {"uv": [7.5, 10.5, 7, 8], "texture": "#2"},
				"down": {"uv": [8, 8, 7.5, 10.5], "texture": "#2"}
			}
		},
		{
			"from": [7.1, 17.42437, 14.37843],
			"to": [8.1, 18.42437, 19.37843],
			"rotation": {"angle": -45, "axis": "x", "origin": [7.6, 10.84594, 9.8]},
			"faces": {
				"north": {"uv": [11.5, 4.5, 12, 5], "texture": "#2"},
				"east": {"uv": [8, 2.5, 10.5, 3], "texture": "#2"},
				"south": {"uv": [11.5, 5, 12, 5.5], "texture": "#2"},
				"west": {"uv": [8, 3, 10.5, 3.5], "texture": "#2"},
				"up": {"uv": [8.5, 10.5, 8, 8], "texture": "#2"},
				"down": {"uv": [5, 8.5, 4.5, 11], "texture": "#2"}
			}
		},
		{
			"from": [7.1, 18.42437, 15.37843],
			"to": [8.1, 19.42437, 20.37843],
			"rotation": {"angle": -45, "axis": "x", "origin": [7.6, 10.84594, 9.8]},
			"faces": {
				"north": {"uv": [5.5, 11.5, 6, 12], "texture": "#2"},
				"east": {"uv": [8, 7, 10.5, 7.5], "texture": "#2"},
				"south": {"uv": [11.5, 5.5, 12, 6], "texture": "#2"},
				"west": {"uv": [8.5, 7.5, 11, 8], "texture": "#2"},
				"up": {"uv": [5.5, 11, 5, 8.5], "texture": "#2"},
				"down": {"uv": [9, 8, 8.5, 10.5], "texture": "#2"}
			}
		},
		{
			"from": [7.1, 19.42437, 16.37843],
			"to": [8.1, 20.42437, 20.37843],
			"rotation": {"angle": -45, "axis": "x", "origin": [7.6, 10.84594, 9.8]},
			"faces": {
				"north": {"uv": [6, 11.5, 6.5, 12], "texture": "#2"},
				"east": {"uv": [9, 0, 11, 0.5], "texture": "#2"},
				"south": {"uv": [11.5, 6, 12, 6.5], "texture": "#2"},
				"west": {"uv": [9, 0.5, 11, 1], "texture": "#2"},
				"up": {"uv": [9.5, 10, 9, 8], "texture": "#2"}
			}
		},
		{
			"from": [7.1, 20.42437, 17.37843],
			"to": [8.1, 21.42437, 20.37843],
			"rotation": {"angle": -45, "axis": "x", "origin": [7.6, 10.84594, 9.8]},
			"faces": {
				"north": {"uv": [6.5, 11.5, 7, 12], "texture": "#2"},
				"east": {"uv": [10.5, 3, 12, 3.5], "texture": "#2"},
				"south": {"uv": [11.5, 6.5, 12, 7], "texture": "#2"},
				"west": {"uv": [11, 0, 12.5, 0.5], "texture": "#2"},
				"up": {"uv": [9, 12, 8.5, 10.5], "texture": "#2"}
			}
		},
		{
			"from": [7.1, 9.32437, 11.95],
			"to": [8.1, 10.32437, 13.05],
			"rotation": {"angle": -45, "axis": "x", "origin": [7.6, 8.74594, 10.5]},
			"faces": {
				"east": {"uv": [11.5, 7, 12, 7.5], "texture": "#2"},
				"south": {"uv": [7.5, 11.5, 8, 12], "texture": "#2"},
				"west": {"uv": [8, 11.5, 8.5, 12], "texture": "#2"}
			}
		},
		{
			"from": [7.1, 10.02437, 10.37843],
			"to": [8.1, 11.02437, 13.37843],
			"rotation": {"angle": -45, "axis": "x", "origin": [7.6, 9.44594, 9.8]},
			"faces": {
				"east": {"uv": [11, 0.5, 12.5, 1], "texture": "#2"},
				"south": {"uv": [7.5, 11.5, 8, 12], "texture": "#2"},
				"west": {"uv": [11, 3.5, 12.5, 4], "texture": "#2"},
				"down": {"uv": [9.5, 11, 9, 12.5], "texture": "#2"}
			}
		},
		{
			"from": [6.5, 4.96751, -0.87843],
			"to": [8.7, 7.16751, 1.32157],
			"rotation": {"angle": -45, "axis": "x", "origin": [7.6, 15.64594, 9.8]},
			"faces": {
				"north": {"uv": [9, 3.5, 10, 4.5], "texture": "#2"},
				"east": {"uv": [0.5, 9.5, 1.5, 10.5], "texture": "#2"},
				"south": {"uv": [1.5, 9.5, 2.5, 10.5], "texture": "#2"},
				"west": {"uv": [2.5, 9.5, 3.5, 10.5], "texture": "#2"},
				"up": {"uv": [4.5, 10.5, 3.5, 9.5], "texture": "#2"},
				"down": {"uv": [10.5, 4.5, 9.5, 5.5], "texture": "#2"}
			}
		},
		{
			"from": [6.8, 2.5, 9],
			"to": [8.4, 9, 10.6],
			"rotation": {"angle": 0, "axis": "y", "origin": [7.6, 15.74594, 9.8]},
			"faces": {
				"north": {"uv": [5.5, 0, 6.5, 3.5], "texture": "#2"},
				"east": {"uv": [5.5, 3.5, 6.5, 7], "texture": "#2"},
				"south": {"uv": [0, 6, 1, 9.5], "texture": "#2"},
				"west": {"uv": [1, 6, 2, 9.5], "texture": "#2"},
				"down": {"uv": [10.5, 8, 9.5, 9], "texture": "#2"}
			}
		},
		{
			"from": [6.6, 9, 7.3],
			"to": [8.6, 11, 12.3],
			"rotation": {"angle": 0, "axis": "y", "origin": [7.6, 3, 18.2]},
			"faces": {
				"north": {"uv": [9.5, 9, 10.5, 10], "texture": "#2"},
				"east": {"uv": [2, 6, 4.5, 7], "texture": "#2"},
				"south": {"uv": [10, 3.5, 11, 4.5], "texture": "#2"},
				"west": {"uv": [6.5, 0, 9, 1], "texture": "#2"},
				"up": {"uv": [5.5, 8.5, 4.5, 6], "texture": "#2"},
				"down": {"uv": [7.5, 1, 6.5, 3.5], "texture": "#2"}
			}
		},
		{
			"from": [6.4, 2.2, 8.1],
			"to": [8.8, 4.6, 10.5],
			"rotation": {"angle": 45, "axis": "x", "origin": [6.4, 2.2, 8.1]},
			"faces": {
				"north": {"uv": [9, 10, 10, 11], "texture": "#2"},
				"east": {"uv": [10, 10, 11, 11], "texture": "#2"},
				"south": {"uv": [0.5, 10.5, 1.5, 11.5], "texture": "#2"},
				"west": {"uv": [10.5, 1, 11.5, 2], "texture": "#2"},
				"up": {"uv": [2.5, 11.5, 1.5, 10.5], "texture": "#2"},
				"down": {"uv": [11.5, 2, 10.5, 3], "texture": "#2"}
			}
		},
		{
			"from": [6.7, 3.2, 8.9],
			"to": [8.5, 4, 10.7],
			"rotation": {"angle": 0, "axis": "y", "origin": [7.6, 15.74594, 9.8]},
			"faces": {
				"north": {"uv": [9.5, 6.5, 10.5, 7], "texture": "#2"},
				"east": {"uv": [11, 4, 12, 4.5], "texture": "#2"},
				"south": {"uv": [11, 7.5, 12, 8], "texture": "#2"},
				"west": {"uv": [9.5, 11, 10.5, 11.5], "texture": "#2"},
				"up": {"uv": [3.5, 11.5, 2.5, 10.5], "texture": "#2"},
				"down": {"uv": [4.5, 10.5, 3.5, 11.5], "texture": "#2"}
			}
		},
		{
			"from": [6.7, 7.8, 8.9],
			"to": [8.5, 8.6, 10.7],
			"rotation": {"angle": 0, "axis": "y", "origin": [7.6, 20.34594, 9.8]},
			"faces": {
				"north": {"uv": [11, 10, 12, 10.5], "texture": "#2"},
				"east": {"uv": [10.5, 11, 11.5, 11.5], "texture": "#2"},
				"south": {"uv": [11, 10.5, 12, 11], "texture": "#2"},
				"west": {"uv": [0, 11.5, 1, 12], "texture": "#2"},
				"up": {"uv": [11.5, 5.5, 10.5, 4.5], "texture": "#2"},
				"down": {"uv": [6.5, 10.5, 5.5, 11.5], "texture": "#2"}
			}
		},
		{
			"from": [7.6, 7, 4.3],
			"to": [7.6, 13, 9.3],
			"rotation": {"angle": 0, "axis": "y", "origin": [5.6, 8, 5.3]},
			"faces": {
				"east": {"uv": [3, 0, 5.5, 3], "texture": "#2"},
				"west": {"uv": [3, 3, 5.5, 6], "texture": "#2"}
			}
		},
		{
			"from": [7.6, 7, 10.3],
			"to": [7.6, 13, 16.3],
			"rotation": {"angle": 0, "axis": "y", "origin": [5.6, 8, 12.3]},
			"faces": {
				"east": {"uv": [0, 0, 3, 3], "texture": "#2"},
				"west": {"uv": [0, 3, 3, 6], "texture": "#2"}
			}
		},
		{
			"from": [6.5, 9.9, 8.3],
			"to": [8.7, 11.9, 10.3],
			"rotation": {"angle": 22.5, "axis": "x", "origin": [6.6, 9.9, 8.3]},
			"faces": {
				"north": {"uv": [10.5, 5.5, 11.5, 6.5], "texture": "#2"},
				"east": {"uv": [6.5, 10.5, 7.5, 11.5], "texture": "#2"},
				"south": {"uv": [10.5, 6.5, 11.5, 7.5], "texture": "#2"},
				"west": {"uv": [7.5, 10.5, 8.5, 11.5], "texture": "#2"},
				"up": {"uv": [11.5, 9, 10.5, 8], "texture": "#2"},
				"down": {"uv": [11.5, 9, 10.5, 10], "texture": "#2"}
			}
		}
	],
	"display": {
		"firstperson_righthand": {
			"rotation": [10.17, -0.5, -7.37],
			"translation": [1.25, -0.25, -2.25]
		},
		"firstperson_lefthand": {
			"rotation": [10.17, -0.5, -7.37],
			"translation": [1.25, -0.25, -2.25]
		},
		"ground": {
			"rotation": [0, 90, 0],
			"translation": [0, 2.5, 0],
			"scale": [0.6, 0.6, 0.6]
		}
	},
	"groups": [
		{
			"name": "group",
			"origin": [6.6, 9.7, 10.8],
			"color": 0,
			"children": [0, 1, 2, 3, 4, 5, 6, 7, 8, 9, 10, 11, 12, 13, 14, 15, 16, 17, 18, 19, 20]
		}
	]
}