{
	"credit": "Made with Blockbench",
	"texture_size": [32, 32],
	"textures": {
		"1": "irons_spellbooks:item/spellbreaker"
	},
	"elements": [
		{
			"from": [7, 23.12437, 17.67843],
			"to": [8, 24.12437, 22.67843],
			"rotation": {"angle": -45, "axis": "x", "origin": [7.5, 13.54594, 8.1]},
			"faces": {
				"north": {"uv": [11, 2, 11.5, 2.5], "texture": "#1"},
				"east": {"uv": [7, 4, 9.5, 4.5], "texture": "#1"},
				"south": {"uv": [11.5, 12.5, 12, 13], "texture": "#1"},
				"west": {"uv": [7, 4.5, 9.5, 5], "texture": "#1"},
				"up": {"uv": [3.5, 9, 3, 6.5], "texture": "#1"},
				"down": {"uv": [4, 6.5, 3.5, 9], "texture": "#1"}
			}
		},
		{
			"from": [7, 22.12437, 16.67843],
			"to": [8, 23.12437, 21.67843],
			"rotation": {"angle": -45, "axis": "x", "origin": [7.5, 13.54594, 8.1]},
			"faces": {
				"north": {"uv": [12.5, 12.5, 13, 13], "texture": "#1"},
				"east": {"uv": [7, 5, 9.5, 5.5], "texture": "#1"},
				"south": {"uv": [0, 13, 0.5, 13.5], "texture": "#1"},
				"west": {"uv": [7, 5.5, 9.5, 6], "texture": "#1"},
				"up": {"uv": [4.5, 9.5, 4, 7], "texture": "#1"},
				"down": {"uv": [5, 7, 4.5, 9.5], "texture": "#1"}
			}
		},
		{
			"from": [7, 21.12437, 15.67843],
			"to": [8, 22.12437, 20.67843],
			"rotation": {"angle": -45, "axis": "x", "origin": [7.5, 13.54594, 8.1]},
			"faces": {
				"north": {"uv": [13, 0, 13.5, 0.5], "texture": "#1"},
				"east": {"uv": [6, 7, 8.5, 7.5], "texture": "#1"},
				"south": {"uv": [0.5, 13, 1, 13.5], "texture": "#1"},
				"west": {"uv": [7, 6, 9.5, 6.5], "texture": "#1"},
				"up": {"uv": [5.5, 10, 5, 7.5], "texture": "#1"},
				"down": {"uv": [6, 7.5, 5.5, 10], "texture": "#1"}
			}
		},
		{
			"from": [7, 20.12437, 14.67843],
			"to": [8, 21.12437, 19.67843],
			"rotation": {"angle": -45, "axis": "x", "origin": [7.5, 13.54594, 8.1]},
			"faces": {
				"north": {"uv": [13, 0.5, 13.5, 1], "texture": "#1"},
				"east": {"uv": [7, 6.5, 9.5, 7], "texture": "#1"},
				"south": {"uv": [13, 1, 13.5, 1.5], "texture": "#1"},
				"west": {"uv": [6, 7.5, 8.5, 8], "texture": "#1"},
				"up": {"uv": [8.5, 2.5, 8, 0], "texture": "#1"},
				"down": {"uv": [1.5, 8, 1, 10.5], "texture": "#1"}
			}
		},
		{
			"from": [7, 19.12437, 13.67843],
			"to": [8, 20.12437, 18.67843],
			"rotation": {"angle": -45, "axis": "x", "origin": [7.5, 13.54594, 8.1]},
			"faces": {
				"north": {"uv": [1.5, 13, 2, 13.5], "texture": "#1"},
				"east": {"uv": [8, 2.5, 10.5, 3], "texture": "#1"},
				"south": {"uv": [13, 1.5, 13.5, 2], "texture": "#1"},
				"west": {"uv": [8, 3, 10.5, 3.5], "texture": "#1"},
				"up": {"uv": [2, 10.5, 1.5, 8], "texture": "#1"},
				"down": {"uv": [2.5, 8, 2, 10.5], "texture": "#1"}
			}
		},
		{
			"from": [7, 18.12437, 12.67843],
			"to": [8, 19.12437, 17.67843],
			"rotation": {"angle": -45, "axis": "x", "origin": [7.5, 13.54594, 8.1]},
			"faces": {
				"north": {"uv": [2, 13, 2.5, 13.5], "texture": "#1"},
				"east": {"uv": [8, 3.5, 10.5, 4], "texture": "#1"},
				"south": {"uv": [13, 2, 13.5, 2.5], "texture": "#1"},
				"west": {"uv": [6, 8, 8.5, 8.5], "texture": "#1"},
				"up": {"uv": [3, 10.5, 2.5, 8], "texture": "#1"},
				"down": {"uv": [0.5, 8.5, 0, 11], "texture": "#1"}
			}
		},
		{
			"from": [7, 17.12437, 11.67843],
			"to": [8, 18.12437, 16.67843],
			"rotation": {"angle": -45, "axis": "x", "origin": [7.5, 13.54594, 8.1]},
			"faces": {
				"north": {"uv": [2.5, 13, 3, 13.5], "texture": "#1"},
				"east": {"uv": [8.5, 0, 11, 0.5], "texture": "#1"},
				"south": {"uv": [13, 2.5, 13.5, 3], "texture": "#1"},
				"west": {"uv": [8.5, 0.5, 11, 1], "texture": "#1"},
				"up": {"uv": [1, 11, 0.5, 8.5], "texture": "#1"},
				"down": {"uv": [6.5, 8.5, 6, 11], "texture": "#1"}
			}
		},
		{
			"from": [7, 16.12437, 10.67843],
			"to": [8, 17.12437, 15.67843],
			"rotation": {"angle": -45, "axis": "x", "origin": [7.5, 13.54594, 8.1]},
			"faces": {
				"north": {"uv": [3, 13, 3.5, 13.5], "texture": "#1"},
				"east": {"uv": [8.5, 1, 11, 1.5], "texture": "#1"},
				"south": {"uv": [4, 13, 4.5, 13.5], "texture": "#1"},
				"west": {"uv": [8.5, 1.5, 11, 2], "texture": "#1"},
				"up": {"uv": [7, 11, 6.5, 8.5], "texture": "#1"},
				"down": {"uv": [7.5, 8.5, 7, 11], "texture": "#1"}
			}
		},
		{
			"from": [7, 15.12437, 9.67843],
			"to": [8, 16.12437, 14.67843],
			"rotation": {"angle": -45, "axis": "x", "origin": [7.5, 13.54594, 8.1]},
			"faces": {
				"north": {"uv": [13, 4, 13.5, 4.5], "texture": "#1"},
				"east": {"uv": [8.5, 2, 11, 2.5], "texture": "#1"},
				"south": {"uv": [4.5, 13, 5, 13.5], "texture": "#1"},
				"west": {"uv": [8.5, 7, 11, 7.5], "texture": "#1"},
				"up": {"uv": [8, 11, 7.5, 8.5], "texture": "#1"},
				"down": {"uv": [9, 7.5, 8.5, 10], "texture": "#1"}
			}
		},
		{
			"from": [7, 14.12437, 8.67843],
			"to": [8, 15.12437, 13.67843],
			"rotation": {"angle": -45, "axis": "x", "origin": [7.5, 13.54594, 8.1]},
			"faces": {
				"north": {"uv": [13, 4.5, 13.5, 5], "texture": "#1"},
				"east": {"uv": [9, 7.5, 11.5, 8], "texture": "#1"},
				"south": {"uv": [13, 5, 13.5, 5.5], "texture": "#1"},
				"west": {"uv": [9, 8, 11.5, 8.5], "texture": "#1"},
				"up": {"uv": [8.5, 11, 8, 8.5], "texture": "#1"},
				"down": {"uv": [3.5, 9, 3, 11.5], "texture": "#1"}
			}
		},
		{
			"from": [7, 13.12437, 7.67843],
			"to": [8, 14.12437, 12.67843],
			"rotation": {"angle": -45, "axis": "x", "origin": [7.5, 13.54594, 8.1]},
			"faces": {
				"north": {"uv": [5.5, 13, 6, 13.5], "texture": "#1"},
				"east": {"uv": [9, 8.5, 11.5, 9], "texture": "#1"},
				"south": {"uv": [13, 5.5, 13.5, 6], "texture": "#1"},
				"west": {"uv": [9, 9, 11.5, 9.5], "texture": "#1"},
				"up": {"uv": [4, 11.5, 3.5, 9], "texture": "#1"},
				"down": {"uv": [4.5, 9.5, 4, 12], "texture": "#1"}
			}
		},
		{
			"from": [7, 11.72437, 10.67843],
			"to": [8, 12.72437, 12.67843],
			"rotation": {"angle": -45, "axis": "x", "origin": [7.5, 12.14594, 8.1]},
			"faces": {
				"east": {"uv": [10.5, 3.5, 11.5, 4], "texture": "#1"},
				"south": {"uv": [6.5, 13, 7, 13.5], "texture": "#1"},
				"west": {"uv": [1.5, 12.5, 2.5, 13], "texture": "#1"},
				"down": {"uv": [13, 2, 12.5, 3], "texture": "#1"}
			}
		},
		{
			"from": [7, 10.32437, 11.67843],
			"to": [8, 11.32437, 12.67843],
			"rotation": {"angle": -45, "axis": "x", "origin": [7.5, 10.74594, 8.1]},
			"faces": {
				"east": {"uv": [13, 7, 13.5, 7.5], "texture": "#1"},
				"south": {"uv": [7.5, 13, 8, 13.5], "texture": "#1"},
				"west": {"uv": [8, 13, 8.5, 13.5], "texture": "#1"},
				"down": {"uv": [9.5, 13, 9, 13.5], "texture": "#1"}
			}
		},
		{
			"from": [7, 24.52437, 17.67843],
			"to": [8, 25.52437, 22.67843],
			"rotation": {"angle": -45, "axis": "x", "origin": [7.5, 14.94594, 8.1]},
			"faces": {
				"north": {"uv": [13, 9, 13.5, 9.5], "texture": "#1"},
				"east": {"uv": [9.5, 4, 12, 4.5], "texture": "#1"},
				"south": {"uv": [10, 13, 10.5, 13.5], "texture": "#1"},
				"west": {"uv": [9.5, 4.5, 12, 5], "texture": "#1"},
				"up": {"uv": [5, 12, 4.5, 9.5], "texture": "#1"},
				"down": {"uv": [9.5, 9.5, 9, 12], "texture": "#1"}
			}
		},
		{
			"from": [7, 25.92437, 17.67843],
			"to": [8, 26.92437, 22.67843],
			"rotation": {"angle": -45, "axis": "x", "origin": [7.5, 16.34594, 8.1]},
			"faces": {
				"north": {"uv": [10.5, 13, 11, 13.5], "texture": "#1"},
				"east": {"uv": [9.5, 5, 12, 5.5], "texture": "#1"},
				"south": {"uv": [13, 10.5, 13.5, 11], "texture": "#1"},
				"west": {"uv": [9.5, 5.5, 12, 6], "texture": "#1"},
				"up": {"uv": [10, 12, 9.5, 9.5], "texture": "#1"},
				"down": {"uv": [5.5, 10, 5, 12.5], "texture": "#1"}
			}
		},
		{
			"from": [7, 27.32437, 17.67843],
			"to": [8, 28.32437, 21.67843],
			"rotation": {"angle": -45, "axis": "x", "origin": [7.5, 17.74594, 8.1]},
			"faces": {
				"north": {"uv": [13, 11, 13.5, 11.5], "texture": "#1"},
				"east": {"uv": [9.5, 6, 11.5, 6.5], "texture": "#1"},
				"south": {"uv": [11.5, 13, 12, 13.5], "texture": "#1"},
				"west": {"uv": [9.5, 6.5, 11.5, 7], "texture": "#1"},
				"up": {"uv": [6, 12, 5.5, 10], "texture": "#1"}
			}
		},
		{
			"from": [7, 28.72437, 17.67843],
			"to": [8, 29.72437, 21.67843],
			"rotation": {"angle": -45, "axis": "x", "origin": [7.5, 19.14594, 8.1]},
			"faces": {
				"north": {"uv": [12, 13, 12.5, 13.5], "texture": "#1"},
				"east": {"uv": [10, 9.5, 12, 10], "texture": "#1"},
				"south": {"uv": [12.5, 13, 13, 13.5], "texture": "#1"},
				"west": {"uv": [10, 10, 12, 10.5], "texture": "#1"},
				"up": {"uv": [1.5, 12.5, 1, 10.5], "texture": "#1"},
				"down": {"uv": [2, 10.5, 1.5, 12.5], "texture": "#1"}
			}
		},
		{
			"from": [7, 30.12437, 18.67843],
			"to": [8, 31.12437, 20.67843],
			"rotation": {"angle": -45, "axis": "x", "origin": [7.5, 20.54594, 8.1]},
			"faces": {
				"north": {"uv": [13, 12.5, 13.5, 13], "texture": "#1"},
				"east": {"uv": [2.5, 12.5, 3.5, 13], "texture": "#1"},
				"south": {"uv": [13, 13, 13.5, 13.5], "texture": "#1"},
				"west": {"uv": [12.5, 3, 13.5, 3.5], "texture": "#1"},
				"up": {"uv": [4, 13.5, 3.5, 12.5], "texture": "#1"}
			}
		},
		{
			"from": [6.7, 3.2, 8.8],
			"to": [8.3, 10.2, 10.3],
			"rotation": {"angle": 0, "axis": "y", "origin": [6, 1.2, 9]},
			"faces": {
				"north": {"uv": [4, 0, 5, 3.5], "texture": "#1"},
				"east": {"uv": [4, 3.5, 5, 7], "texture": "#1"},
				"south": {"uv": [0, 5, 1, 8.5], "texture": "#1"},
				"west": {"uv": [5, 0, 6, 3.5], "texture": "#1"},
				"down": {"uv": [11.5, 2.5, 10.5, 3.5], "texture": "#1"}
			}
		},
		{
			"from": [6.5, 2.5, 8.95],
			"to": [8.5, 4.5, 10.95],
			"rotation": {"angle": -45, "axis": "x", "origin": [7, 2.5, 10.9]},
			"faces": {
				"north": {"uv": [10, 10.5, 11, 11.5], "texture": "#1"},
				"east": {"uv": [0, 11, 1, 12], "texture": "#1"},
				"south": {"uv": [11, 0, 12, 1], "texture": "#1"},
				"west": {"uv": [11, 1, 12, 2], "texture": "#1"},
				"up": {"uv": [7, 12, 6, 11], "texture": "#1"},
				"down": {"uv": [8, 11, 7, 12], "texture": "#1"}
			}
		},
		{
			"from": [6.3, 2.7, 7.9],
			"to": [8.7, 4.9, 10.1],
			"rotation": {"angle": 45, "axis": "x", "origin": [6.3, 2.6, 7.8]},
			"faces": {
				"north": {"uv": [11, 10.5, 12, 11.5], "texture": "#1"},
				"east": {"uv": [2, 11.5, 3, 12.5], "texture": "#1"},
				"south": {"uv": [11.5, 2, 12.5, 3], "texture": "#1"},
				"west": {"uv": [3, 11.5, 4, 12.5], "texture": "#1"},
				"up": {"uv": [12.5, 4, 11.5, 3], "texture": "#1"},
				"down": {"uv": [12.5, 6, 11.5, 7], "texture": "#1"}
			}
		},
		{
			"from": [6.5, 9.85, 7.57678],
			"to": [8.5, 10.85, 11.57678],
			"rotation": {"angle": 0, "axis": "y", "origin": [8.1, 10.35, 9.57678]},
			"faces": {
				"north": {"uv": [12.5, 3.5, 13.5, 4], "texture": "#1"},
				"east": {"uv": [11, 7, 13, 7.5], "texture": "#1"},
				"south": {"uv": [12.5, 6, 13.5, 6.5], "texture": "#1"},
				"west": {"uv": [11.5, 7.5, 13.5, 8], "texture": "#1"},
				"down": {"uv": [6, 5.5, 5, 7.5], "texture": "#1"}
			}
		},
		{
			"from": [6.3, 10.21297, 10.44929],
			"to": [8.7, 11.21297, 13.44929],
			"rotation": {"angle": 22.5, "axis": "x", "origin": [7.5, 10.75, 11.97678]},
			"faces": {
				"north": {"uv": [6.5, 12.5, 7.5, 13], "texture": "#1"},
				"east": {"uv": [11.5, 9, 13, 9.5], "texture": "#1"},
				"south": {"uv": [12.5, 6.5, 13.5, 7], "texture": "#1"},
				"west": {"uv": [6.5, 12, 8, 12.5], "texture": "#1"},
				"up": {"uv": [7, 5.5, 6, 4], "texture": "#1"},
				"down": {"uv": [7, 5.5, 6, 7], "texture": "#1"}
			}
		},
		{
			"from": [6.3, 10.21297, 5.74929],
			"to": [8.7, 11.21297, 8.74929],
			"rotation": {"angle": -22.5, "axis": "x", "origin": [7.5, 10.75, 7.27678]},
			"faces": {
				"north": {"uv": [7.5, 12.5, 8.5, 13], "texture": "#1"},
				"east": {"uv": [8, 12, 9.5, 12.5], "texture": "#1"},
				"south": {"uv": [12.5, 8, 13.5, 8.5], "texture": "#1"},
				"west": {"uv": [12, 9.5, 13.5, 10], "texture": "#1"},
				"up": {"uv": [2, 8, 1, 6.5], "texture": "#1"},
				"down": {"uv": [3, 6.5, 2, 8], "texture": "#1"}
			}
		},
		{
			"from": [6.5, 11.71297, 6.14929],
			"to": [8.5, 12.71297, 8.14929],
			"rotation": {"angle": -45, "axis": "x", "origin": [7.5, 12.25, 7.67678]},
			"faces": {
				"north": {"uv": [8.5, 12.5, 9.5, 13], "texture": "#1"},
				"east": {"uv": [12.5, 8.5, 13.5, 9], "texture": "#1"},
				"south": {"uv": [10, 12.5, 11, 13], "texture": "#1"},
				"west": {"uv": [12.5, 10, 13.5, 10.5], "texture": "#1"},
				"up": {"uv": [12.5, 9, 11.5, 8], "texture": "#1"},
				"down": {"uv": [11, 11.5, 10, 12.5], "texture": "#1"}
			}
		},
		{
			"from": [6.5, 10.62251, 11.01381],
			"to": [8.5, 12.62251, 12.01381],
			"rotation": {"angle": -45, "axis": "x", "origin": [7.5, 12.15, 11.47678]},
			"faces": {
				"north": {"uv": [11, 11.5, 12, 12.5], "texture": "#1"},
				"east": {"uv": [12.5, 10.5, 13, 11.5], "texture": "#1"},
				"south": {"uv": [0, 12, 1, 13], "texture": "#1"},
				"west": {"uv": [11, 12.5, 11.5, 13.5], "texture": "#1"},
				"up": {"uv": [13.5, 12, 12.5, 11.5], "texture": "#1"},
				"down": {"uv": [13.5, 12, 12.5, 12.5], "texture": "#1"}
			}
		},
		{
			"from": [6.8, 11.11297, 8.74929],
			"to": [8.2, 14.11297, 11.74929],
			"rotation": {"angle": -45, "axis": "x", "origin": [7.8, 11.65, 10.27678]},
			"faces": {
				"north": {"uv": [9.5, 12, 10, 13.5], "texture": "#1"},
				"east": {"uv": [1, 5, 2.5, 6.5], "texture": "#1"},
				"south": {"uv": [12, 10, 12.5, 11.5], "texture": "#1"},
				"west": {"uv": [2.5, 5, 4, 6.5], "texture": "#1"},
				"up": {"uv": [12.5, 13, 12, 11.5], "texture": "#1"},
				"down": {"uv": [1.5, 12.5, 1, 14], "texture": "#1"}
			}
		},
		{
			"from": [6.5, 10.85, 8.61381],
			"to": [8.5, 12.85, 10.61381],
			"rotation": {"angle": 0, "axis": "x", "origin": [7.8, 13.15, 10.07678]},
			"faces": {
				"north": {"uv": [12, 0, 13, 1], "texture": "#1"},
				"east": {"uv": [12, 1, 13, 2], "texture": "#1"},
				"south": {"uv": [4, 12, 5, 13], "texture": "#1"},
				"west": {"uv": [12, 4, 13, 5], "texture": "#1"},
				"up": {"uv": [13, 6, 12, 5], "texture": "#1"}
			}
		},
		{
			"from": [7.5, 10.1, 4.4],
			"to": [7.5, 15.1, 8.4],
			"rotation": {"angle": -22.5, "axis": "x", "origin": [5.5, 9.1, 4.4]},
			"faces": {
				"east": {"uv": [0, 0, 2, 2.5], "texture": "#1"},
				"west": {"uv": [2, 0, 4, 2.5], "texture": "#1"}
			}
		},
		{
			"from": [7.5, 11.6, 11.1],
			"to": [7.5, 16.6, 15.1],
			"rotation": {"angle": 22.5, "axis": "x", "origin": [5.5, 10.6, 11.1]},
			"faces": {
				"east": {"uv": [0, 2.5, 2, 5], "texture": "#1"},
				"west": {"uv": [2, 2.5, 4, 5], "texture": "#1"}
			}
		},
		{
			"from": [7.5, 7.7, 5],
			"to": [7.5, 9.7, 9],
			"rotation": {"angle": -22.5, "axis": "x", "origin": [5.5, 6.7, 5]},
			"faces": {
				"east": {"uv": [6, 0, 8, 1], "texture": "#1"},
				"west": {"uv": [6, 1, 8, 2], "texture": "#1"}
			}
		},
		{
			"from": [7.5, 9.2, 10.4],
			"to": [7.5, 11.2, 14.4],
			"rotation": {"angle": 22.5, "axis": "x", "origin": [5.5, 8.2, 10.4]},
			"faces": {
				"east": {"uv": [6, 2, 8, 3], "texture": "#1"},
				"west": {"uv": [6, 3, 8, 4], "texture": "#1"}
			}
		}
	],
	"display": {
		"firstperson_righthand": {
			"rotation": [10.17, -0.5, -7.37],
			"translation": [1, -0.75, -2]
		},
		"ground": {
			"rotation": [0, 90, 0],
			"translation": [0, 2.5, 0],
			"scale": [0.6, 0.6, 0.6]
		}
	},
	"groups": [
		{
			"name": "sword",
			"origin": [8, 8, 8],
			"color": 0,
			"children": [
				{
					"name": "lezvie",
					"origin": [7.8, 15.64594, 8.9],
					"color": 0,
					"children": [0, 1, 2, 3, 4, 5, 6, 7, 8, 9, 10, 11, 12, 13, 14, 15, 16, 17]
				},
				18,
				19,
				20,
				21,
				22,
				23,
				24,
				25,
				26,
				27,
				28,
				29,
				30,
				31
			]
		}
	]
}