{
	"credit": "Model generated using MrCrayfish's Model Creator (http://mrcrayfish.com/modelcreator/)",
	"textures": {
		"1": "toms_storage:block/inv_cable_connector"
	},
	"elements": [
		{
			"name": "ext",
			"from": [3, 3, -3],
			"to": [13, 13, 0],
			"faces": {
				"north": {"uv": [2, 0, 12, 10], "texture": "#1"},
				"east": {"uv": [5, 0, 2, 10], "texture": "#1"},
				"west": {"uv": [12, 0, 9, 10], "texture": "#1"},
				"up": {"uv": [2, 0, 12, 3], "texture": "#1"},
				"down": {"uv": [2, 7, 12, 10], "texture": "#1"}
			}
		}
	]
}