{
	"credit": "Model generated using MrCrayfish's Model Creator (http://mrcrayfish.com/modelcreator/)",
	"parent": "block/block",
	"textures": {
		"0": "toms_storage:block/inventory_block",
		"1": "toms_storage:block/inv_cable_connector",
		"2": "toms_storage:block/inventory_cable"
	},
	"elements": [
		{
			"name": "front",
			"from": [0, 0, 0],
			"to": [16, 16, 2],
			"faces": {
				"north": {"uv": [0, 0, 16, 16], "texture": "#0"},
				"east": {"uv": [2, 0, 0, 16], "texture": "#1"},
				"south": {"uv": [0, 0, 16, 16], "texture": "#0"},
				"west": {"uv": [0, 0, 2, 16], "texture": "#1"},
				"up": {"uv": [2, 0, 0, 16], "rotation": 270, "texture": "#1"},
				"down": {"uv": [0, 0, 2, 16], "rotation": 270, "texture": "#1"}
			}
		},
		{
			"name": "center",
			"from": [3, 3, 2],
			"to": [13, 13, 4],
			"faces": {
				"east": {"uv": [2, 0, 0, 10], "texture": "#1"},
				"south": {"uv": [2, 0, 12, 10], "texture": "#1"},
				"west": {"uv": [0, 0, 2, 10], "texture": "#1"},
				"up": {"uv": [2, 0, 0, 10], "rotation": 270, "texture": "#1"},
				"down": {"uv": [0, 0, 2, 10], "rotation": 270, "texture": "#1"}
			}
		},
		{
			"name": "cable",
			"from": [5, 5, 5],
			"to": [11, 11, 11],
			"faces": {
				"east": {"uv": [10, 10, 16, 16], "texture": "#2"},
				"south": {"uv": [10, 10, 16, 16], "texture": "#2"},
				"west": {"uv": [10, 10, 16, 16], "texture": "#2"},
				"up": {"uv": [10, 10, 16, 16], "texture": "#2"},
				"down": {"uv": [10, 10, 16, 16], "texture": "#2"}
			}
		},
		{
			"name": "center2",
			"from": [4.9375, 4.9375, 4],
			"to": [11.0625, 11.125, 6],
			"faces": {
				"east": {"uv": [2, 0, 0, 5], "texture": "#1"},
				"south": {"uv": [2, 10, 8, 16], "texture": "#1"},
				"west": {"uv": [0, 0, 2, 6], "texture": "#1"},
				"up": {"uv": [0, 10, 2, 16], "rotation": 90, "texture": "#1"},
				"down": {"uv": [2, 10, 0, 16], "rotation": 90, "texture": "#1"}
			}
		}
	]
}