{
  "attributes": {
    "range_bonus": 0.5,
    "two_handed": true,
    "category": "battlestaff",
    "attacks": [
      {
        "hitbox": "HORIZONTAL_PLANE",
        "damage_multiplier": 1.0,
        "angle": 150,
        "upswing": 0.5,
        "animation": "malfu_combat_animation:battlestaff_rl",
        "swing_sound": {
          "id": "bettercombat:staff_slash"
        }
      },
      {
        "hitbox": "FORWARD_BOX",
        "damage_multiplier": 1.0,
        "upswing": 0.5,
        "animation": "malfu_combat_animation:battlestaff_poke",
        "swing_sound": {
          "id": "bettercombat:staff_slash"
        }
      },
      {
        "hitbox": "HORIZONTAL_PLANE",
        "damage_multiplier": 1.0,
        "angle": 150,
        "upswing": 0.5,
        "animation": "malfu_combat_animation:battlestaff_lr",
        "swing_sound": {
          "id": "bettercombat:staff_slash"
        }
      },
      {
        "hitbox": "HORIZONTAL_PLANE",
        "damage_multiplier": 1.0,
        "angle": 150,
        "upswing": 0.5,
        "animation": "malfu_combat_animation:battlestaff_rl_style",
        "swing_sound": {
          "id": "bettercombat:staff_slash"
        }
      },
      {
        "hitbox": "HORIZONTAL_PLANE",
        "damage_multiplier": 1.0,
        "angle": 150,
        "upswing": 0.5,
        "animation": "malfu_combat_animation:battlestaff_lr",
        "swing_sound": {
          "id": "bettercombat:staff_slash"
        }
      }
    ]
  }
}