{
  "attributes": {
    "range_bonus": 0,
    "pose": "bettercombat:pose_two_handed_heavy",
    "two_handed": true,
    "category": "hammer",
    "attacks": [
      {
        "hitbox": "HORIZONTAL_PLANE",
        "damage_multiplier": 1.0,
        "angle": 150,
        "upswing": 0.5,
        "animation": "malfu_combat_animation:two_handed_heavy_lr",
        "swing_sound": {
          "id": "bettercombat:mace_slash"
        }
      },
      {
        "hitbox": "HORIZONTAL_PLANE",
        "damage_multiplier": 1.0,
        "angle": 150,
        "upswing": 0.5,
        "animation": "malfu_combat_animation:two_handed_heavy_rl",
        "swing_sound": {
          "id": "bettercombat:mace_slash"
        }
      }
    ]
  }
}