{
  "attributes": {
    "range_bonus": 0,
    "category": "rapier",
    "attacks": [
      {
        "hitbox": "HORIZONTAL_PLANE",
        "damage_multiplier": 0.9,
        "angle": 90,
        "upswing": 0.5,
        "animation": "malfu_combat_animation:rapier_rl",
        "swing_sound": {
          "id": "bettercombat:rapier_slash"
        }
      },
      {
        "hitbox": "HORIZONTAL_PLANE",
        "damage_multiplier": 0.9,
        "angle": 90,
        "upswing": 0.5,
        "animation": "malfu_combat_animation:rapier_lr",
        "swing_sound": {
          "id": "bettercombat:rapier_slash"
        }
      },
      {
        "hitbox": "HORIZONTAL_PLANE",
        "damage_multiplier": 0.9,
        "angle": 90,
        "upswing": 0.5,
        "animation": "malfu_combat_animation:rapier_rl_down",
        "swing_sound": {
          "id": "bettercombat:rapier_slash"
        }
      },
      {
        "hitbox": "FORWARD_BOX",
        "damage_multiplier": 1.2,
        "angle": 0,
        "upswing": 0.5,
        "animation": "malfu_combat_animation:rapier_lr_stab",
        "swing_sound": {
          "id": "bettercombat:rapier_stab"
        }
      },
      {
        "hitbox": "HORIZONTAL_PLANE",
        "damage_multiplier": 0.9,
        "angle": 90,
        "upswing": 0.5,
        "animation": "malfu_combat_animation:rapier_lr",
        "swing_sound": {
          "id": "bettercombat:rapier_slash"
        }
      }
    ]
  }
}