{
    "__comment": "Model generated using MrCrayfish's Model Creator (http://mrcrayfish.com/modelcreator/)",
    "textures": {
    	"0": "toms_storage:block/cable_frame",
        "1": "toms_storage:block/inventory_cable"
    },
    "parent": "block/block",
    "elements": [
        {
            "name": "cable",
            "from": [ 0.0, 6.0, 6.0 ], 
            "to": [ 16.0, 10.0, 10.0 ], 
            "faces": {
                "north": { "texture": "#1", "uv": [ 0.0, 6.0, 16.0, 10.0 ] },
                "east": { "texture": "#1", "uv": [ 6.0, 6.0, 10.0, 10.0 ] },
                "south": { "texture": "#1", "uv": [ 0.0, 6.0, 16.0, 10.0 ] },
                "west": { "texture": "#1", "uv": [ 6.0, 6.0, 10.0, 10.0 ] },
                "up": { "texture": "#1", "uv": [ 0.0, 6.0, 16.0, 10.0 ] },
                "down": { "texture": "#1", "uv": [ 0.0, 6.0, 16.0, 10.0 ] }
            }
        },
        {
            "name": "frame1",
            "from": [ 0.0, 0.0, 0.0 ], 
            "to": [ 1.0, 1.0, 16.0 ], 
            "faces": {
                "north": { "texture": "#0", "uv": [ 0.0, 0.0, 1.0, 1.0 ] },
                "east": { "texture": "#0", "uv": [ 0.0, 0.0, 16.0, 1.0 ] },
                "south": { "texture": "#0", "uv": [ 0.0, 0.0, 1.0, 1.0 ] },
                "west": { "texture": "#0", "uv": [ 0.0, 0.0, 16.0, 1.0 ] },
                "up": { "texture": "#0", "uv": [ 0.0, 0.0, 1.0, 16.0 ] },
                "down": { "texture": "#0", "uv": [ 0.0, 0.0, 1.0, 16.0 ] }
            }
        },
        {
            "name": "frame2",
            "from": [ 1.0, 0.0, 0.0 ], 
            "to": [ 15.0, 1.0, 1.0 ], 
            "faces": {
                "north": { "texture": "#0", "uv": [ 0.0, 0.0, 14.0, 1.0 ] },
                "south": { "texture": "#0", "uv": [ 0.0, 0.0, 14.0, 1.0 ] },
                "up": { "texture": "#0", "uv": [ 0.0, 0.0, 14.0, 1.0 ] },
                "down": { "texture": "#0", "uv": [ 0.0, 0.0, 14.0, 1.0 ] }
            }
        },
        {
            "name": "frame3",
            "from": [ 15.0, 0.0, 0.0 ], 
            "to": [ 16.0, 1.0, 16.0 ], 
            "faces": {
                "north": { "texture": "#0", "uv": [ 0.0, 0.0, 1.0, 1.0 ] },
                "east": { "texture": "#0", "uv": [ 0.0, 0.0, 16.0, 1.0 ] },
                "south": { "texture": "#0", "uv": [ 0.0, 0.0, 1.0, 1.0 ] },
                "west": { "texture": "#0", "uv": [ 0.0, 0.0, 16.0, 1.0 ] },
                "up": { "texture": "#0", "uv": [ 0.0, 0.0, 1.0, 16.0 ] },
                "down": { "texture": "#0", "uv": [ 0.0, 0.0, 1.0, 16.0 ] }
            }
        },
        {
            "name": "frame4",
            "from": [ 1.0, 0.0, 15.0 ], 
            "to": [ 15.0, 1.0, 16.0 ], 
            "faces": {
                "north": { "texture": "#0", "uv": [ 0.0, 0.0, 14.0, 1.0 ] },
                "south": { "texture": "#0", "uv": [ 0.0, 0.0, 14.0, 1.0 ] },
                "up": { "texture": "#0", "uv": [ 0.0, 0.0, 14.0, 1.0 ] },
                "down": { "texture": "#0", "uv": [ 0.0, 0.0, 14.0, 1.0 ] }
            }
        },
        {
            "name": "frame5",
            "from": [ 0.0, 1.0, 0.0 ], 
            "to": [ 1.0, 15.0, 1.0 ], 
            "faces": {
                "north": { "texture": "#0", "uv": [ 0.0, 0.0, 1.0, 14.0 ] },
                "east": { "texture": "#0", "uv": [ 0.0, 0.0, 1.0, 14.0 ] },
                "south": { "texture": "#0", "uv": [ 0.0, 0.0, 1.0, 14.0 ] },
                "west": { "texture": "#0", "uv": [ 0.0, 0.0, 1.0, 14.0 ] }
            }
        },
        {
            "name": "frame6",
            "from": [ 0.0, 1.0, 15.0 ], 
            "to": [ 1.0, 15.0, 16.0 ], 
            "faces": {
                "north": { "texture": "#0", "uv": [ 0.0, 0.0, 1.0, 14.0 ] },
                "east": { "texture": "#0", "uv": [ 0.0, 0.0, 1.0, 14.0 ] },
                "south": { "texture": "#0", "uv": [ 0.0, 0.0, 1.0, 14.0 ] },
                "west": { "texture": "#0", "uv": [ 0.0, 0.0, 1.0, 14.0 ] }
            }
        },
        {
            "name": "frame7",
            "from": [ 15.0, 1.0, 15.0 ], 
            "to": [ 16.0, 15.0, 16.0 ], 
            "faces": {
                "north": { "texture": "#0", "uv": [ 0.0, 0.0, 1.0, 14.0 ] },
                "east": { "texture": "#0", "uv": [ 0.0, 0.0, 1.0, 14.0 ] },
                "south": { "texture": "#0", "uv": [ 0.0, 0.0, 1.0, 14.0 ] },
                "west": { "texture": "#0", "uv": [ 0.0, 0.0, 1.0, 14.0 ] }
            }
        },
        {
            "name": "frame8",
            "from": [ 15.0, 1.0, 0.0 ], 
            "to": [ 16.0, 15.0, 1.0 ], 
            "faces": {
                "north": { "texture": "#0", "uv": [ 0.0, 0.0, 1.0, 14.0 ] },
                "east": { "texture": "#0", "uv": [ 0.0, 0.0, 1.0, 14.0 ] },
                "south": { "texture": "#0", "uv": [ 0.0, 0.0, 1.0, 14.0 ] },
                "west": { "texture": "#0", "uv": [ 0.0, 0.0, 1.0, 14.0 ] }
            }
        },
        {
            "name": "frame9",
            "from": [ 0.0, 15.0, 0.0 ], 
            "to": [ 1.0, 16.0, 16.0 ], 
            "faces": {
                "north": { "texture": "#0", "uv": [ 0.0, 0.0, 1.0, 1.0 ] },
                "east": { "texture": "#0", "uv": [ 0.0, 0.0, 16.0, 1.0 ] },
                "south": { "texture": "#0", "uv": [ 0.0, 0.0, 1.0, 1.0 ] },
                "west": { "texture": "#0", "uv": [ 0.0, 0.0, 16.0, 1.0 ] },
                "up": { "texture": "#0", "uv": [ 0.0, 0.0, 1.0, 16.0 ] },
                "down": { "texture": "#0", "uv": [ 0.0, 0.0, 1.0, 16.0 ] }
            }
        },
        {
            "name": "frame10",
            "from": [ 1.0, 15.0, 0.0 ], 
            "to": [ 15.0, 16.0, 1.0 ], 
            "faces": {
                "north": { "texture": "#0", "uv": [ 0.0, 0.0, 14.0, 1.0 ] },
                "south": { "texture": "#0", "uv": [ 0.0, 0.0, 14.0, 1.0 ] },
                "up": { "texture": "#0", "uv": [ 0.0, 0.0, 14.0, 1.0 ] },
                "down": { "texture": "#0", "uv": [ 0.0, 0.0, 14.0, 1.0 ] }
            }
        },
        {
            "name": "frame11",
            "from": [ 15.0, 15.0, 0.0 ], 
            "to": [ 16.0, 16.0, 16.0 ], 
            "faces": {
                "north": { "texture": "#0", "uv": [ 0.0, 0.0, 1.0, 1.0 ] },
                "east": { "texture": "#0", "uv": [ 0.0, 0.0, 16.0, 1.0 ] },
                "south": { "texture": "#0", "uv": [ 0.0, 0.0, 1.0, 1.0 ] },
                "west": { "texture": "#0", "uv": [ 0.0, 0.0, 16.0, 1.0 ] },
                "up": { "texture": "#0", "uv": [ 0.0, 0.0, 1.0, 16.0 ] },
                "down": { "texture": "#0", "uv": [ 0.0, 0.0, 1.0, 16.0 ] }
            }
        },
        {
            "name": "frame12",
            "from": [ 1.0, 15.0, 15.0 ], 
            "to": [ 15.0, 16.0, 16.0 ], 
            "faces": {
                "north": { "texture": "#0", "uv": [ 0.0, 0.0, 14.0, 1.0 ] },
                "south": { "texture": "#0", "uv": [ 0.0, 0.0, 14.0, 1.0 ] },
                "up": { "texture": "#0", "uv": [ 0.0, 0.0, 14.0, 1.0 ] },
                "down": { "texture": "#0", "uv": [ 0.0, 0.0, 14.0, 1.0 ] }
            }
        }
    ]
}