{
	"credit": "Made with Blockbench",
	"texture_size": [32, 32],
	"textures": {
		"2": "irons_spellbooks:item/amethyst_rapier",
		"particle": "irons_spellbooks:item/amethyst_rapier"
	},
	"elements": [
		{
			"from": [6.55, 2.9, 10.85],
			"to": [7.55, 9.9, 11.85],
			"rotation": {"angle": 45, "axis": "y", "origin": [5.5, 3.3, 9.7]},
			"faces": {
				"north": {"uv": [7, 0, 7.5, 3.5], "texture": "#2"},
				"east": {"uv": [7, 6, 7.5, 9.5], "texture": "#2"},
				"south": {"uv": [7.5, 0, 8, 3.5], "texture": "#2"},
				"west": {"uv": [7.5, 3.5, 8, 7], "texture": "#2"},
				"up": {"uv": [7.5, 4, 7, 3.5], "texture": "#2"},
				"down": {"uv": [5, 8, 4.5, 8.5], "texture": "#2"}
			}
		},
		{
			"from": [7, 2.7, 8.43],
			"to": [8.5, 4.7, 10.43],
			"rotation": {"angle": 45, "axis": "x", "origin": [6.9, 2.7, 8.3]},
			"faces": {
				"north": {"uv": [8, 4, 9, 5], "texture": "#2"},
				"east": {"uv": [8, 5, 9, 6], "texture": "#2"},
				"south": {"uv": [8, 6, 9, 7], "texture": "#2"},
				"west": {"uv": [7.5, 8, 8.5, 9], "texture": "#2"},
				"up": {"uv": [5.5, 9.5, 4.5, 8.5], "texture": "#2"},
				"down": {"uv": [6.5, 8.5, 5.5, 9.5], "texture": "#2"}
			}
		},
		{
			"from": [7.75, 2.3, 4.1],
			"to": [7.75, 9.3, 9.1],
			"rotation": {"angle": 0, "axis": "y", "origin": [5.7, 6.3, 1.6]},
			"faces": {
				"east": {"uv": [0, 4.5, 2.5, 8], "texture": "#2"},
				"west": {"uv": [2.5, 4.5, 5, 8], "texture": "#2"}
			}
		},
		{
			"from": [7.8, 9.9, 10.6],
			"to": [7.8, 18.9, 15.6],
			"rotation": {"angle": 0, "axis": "y", "origin": [5.8, 10.4, 11.6]},
			"faces": {
				"east": {"uv": [0, 0, 2.5, 4.5], "texture": "#2"},
				"west": {"uv": [2.5, 0, 5, 4.5], "texture": "#2"}
			}
		},
		{
			"from": [7.75, -2.47, 8.67],
			"to": [7.75, 1.53, 12.67],
			"rotation": {"angle": -45, "axis": "x", "origin": [7.7, -1.3, 9.7]},
			"faces": {
				"east": {"uv": [5, 0, 7, 2], "texture": "#2"},
				"west": {"uv": [5, 2, 7, 4], "texture": "#2"}
			}
		},
		{
			"from": [7, 8.4, 9.1],
			"to": [8.5, 10.4, 13.6],
			"rotation": {"angle": -45, "axis": "x", "origin": [7, 8.4, 9.1]},
			"faces": {
				"north": {"uv": [8.5, 8, 9.5, 9], "texture": "#2"},
				"east": {"uv": [5, 4, 7.5, 5], "texture": "#2"},
				"south": {"uv": [0, 9, 1, 10], "texture": "#2"},
				"west": {"uv": [5, 5, 7.5, 6], "texture": "#2"},
				"up": {"uv": [6, 8.5, 5, 6], "texture": "#2"},
				"down": {"uv": [7, 6, 6, 8.5], "texture": "#2"}
			}
		},
		{
			"from": [7.4, 13, 10],
			"to": [8.2, 15, 13],
			"rotation": {"angle": 45, "axis": "x", "origin": [6.9, 13, 10.7]},
			"faces": {
				"north": {"uv": [5, 11, 5.5, 12], "texture": "#2"},
				"east": {"uv": [7.5, 7, 9, 8], "texture": "#2"},
				"south": {"uv": [5.5, 11, 6, 12], "texture": "#2"},
				"west": {"uv": [0, 8, 1.5, 9], "texture": "#2"},
				"up": {"uv": [4, 10.5, 3.5, 9], "texture": "#2"},
				"down": {"uv": [4.5, 9, 4, 10.5], "texture": "#2"}
			}
		},
		{
			"from": [7.25, 8.4, 7],
			"to": [8.25, 10.4, 9.5],
			"rotation": {"angle": -22.5, "axis": "x", "origin": [7, 8.4, 7]},
			"faces": {
				"north": {"uv": [6, 11, 6.5, 12], "texture": "#2"},
				"east": {"uv": [8, 0, 9.5, 1], "texture": "#2"},
				"west": {"uv": [8, 1, 9.5, 2], "texture": "#2"},
				"up": {"uv": [9.5, 6.5, 9, 5], "texture": "#2"},
				"down": {"uv": [9.5, 6.5, 9, 8], "texture": "#2"}
			}
		},
		{
			"from": [6.3, 9.4, 11.6],
			"to": [9.3, 10.9, 13.1],
			"rotation": {"angle": -22.5, "axis": "x", "origin": [6.9, 8.9, 11.1]},
			"faces": {
				"north": {"uv": [1.5, 8, 3, 9], "texture": "#2"},
				"east": {"uv": [1, 9, 2, 10], "texture": "#2"},
				"south": {"uv": [8, 2, 9.5, 3], "texture": "#2"},
				"west": {"uv": [2, 9, 3, 10], "texture": "#2"},
				"up": {"uv": [4.5, 9, 3, 8], "texture": "#2"},
				"down": {"uv": [9.5, 3, 8, 4], "texture": "#2"}
			}
		},
		{
			"from": [7.3, 9.56, 10.27],
			"to": [8.3, 10.36, 11.37],
			"rotation": {"angle": 0, "axis": "y", "origin": [7, 8.2, 10.3]},
			"faces": {
				"north": {"uv": [11, 8.5, 11.5, 9], "texture": "#2"},
				"east": {"uv": [10, 11, 10.5, 11.5], "texture": "#2"},
				"west": {"uv": [11, 11, 11.5, 11.5], "texture": "#2"},
				"down": {"uv": [2, 11.5, 1.5, 12], "texture": "#2"}
			}
		},
		{
			"from": [7.25, 10.7, 8.58],
			"to": [8.35, 11.6, 11.08],
			"rotation": {"angle": -22.5, "axis": "x", "origin": [7.2, 11.1, 8.6]},
			"faces": {
				"north": {"uv": [2, 11.5, 2.5, 12], "texture": "#2"},
				"east": {"uv": [7.5, 9, 9, 9.5], "texture": "#2"},
				"west": {"uv": [9, 9, 10.5, 9.5], "texture": "#2"},
				"up": {"uv": [10, 1.5, 9.5, 0], "texture": "#2"}
			}
		},
		{
			"from": [7.3, 21.02437, 18.47843],
			"to": [8.3, 22.02437, 21.47843],
			"rotation": {"angle": -45, "axis": "x", "origin": [7.8, 11.44594, 8.9]},
			"faces": {
				"north": {"uv": [2.5, 11.5, 3, 12], "texture": "#2"},
				"east": {"uv": [9.5, 3, 11, 3.5], "texture": "#2"},
				"south": {"uv": [11.5, 2.5, 12, 3], "texture": "#2"},
				"west": {"uv": [9.5, 3.5, 11, 4], "texture": "#2"},
				"up": {"uv": [5, 11, 4.5, 9.5], "texture": "#2"},
				"down": {"uv": [5.5, 9.5, 5, 11], "texture": "#2"}
			}
		},
		{
			"from": [7.3, 20.02437, 17.47843],
			"to": [8.3, 21.02437, 20.47843],
			"rotation": {"angle": -45, "axis": "x", "origin": [7.8, 11.44594, 8.9]},
			"faces": {
				"north": {"uv": [11.5, 3, 12, 3.5], "texture": "#2"},
				"east": {"uv": [9.5, 5, 11, 5.5], "texture": "#2"},
				"south": {"uv": [11.5, 3.5, 12, 4], "texture": "#2"},
				"west": {"uv": [9.5, 5.5, 11, 6], "texture": "#2"},
				"up": {"uv": [6, 11, 5.5, 9.5], "texture": "#2"},
				"down": {"uv": [6.5, 9.5, 6, 11], "texture": "#2"}
			}
		},
		{
			"from": [7.3, 19.02437, 16.47843],
			"to": [8.3, 20.02437, 19.47843],
			"rotation": {"angle": -45, "axis": "x", "origin": [7.8, 11.44594, 8.9]},
			"faces": {
				"north": {"uv": [11.5, 4, 12, 4.5], "texture": "#2"},
				"east": {"uv": [9.5, 6, 11, 6.5], "texture": "#2"},
				"south": {"uv": [11.5, 4.5, 12, 5], "texture": "#2"},
				"west": {"uv": [9.5, 6.5, 11, 7], "texture": "#2"},
				"up": {"uv": [7.5, 11, 7, 9.5], "texture": "#2"},
				"down": {"uv": [10, 7, 9.5, 8.5], "texture": "#2"}
			}
		},
		{
			"from": [7.3, 18.02437, 15.47843],
			"to": [8.3, 19.02437, 18.47843],
			"rotation": {"angle": -45, "axis": "x", "origin": [7.8, 11.44594, 8.9]},
			"faces": {
				"north": {"uv": [11.5, 5, 12, 5.5], "texture": "#2"},
				"east": {"uv": [7.5, 9.5, 9, 10], "texture": "#2"},
				"south": {"uv": [11.5, 5.5, 12, 6], "texture": "#2"},
				"west": {"uv": [9.5, 8.5, 11, 9], "texture": "#2"},
				"up": {"uv": [9.5, 11, 9, 9.5], "texture": "#2"},
				"down": {"uv": [10, 9.5, 9.5, 11], "texture": "#2"}
			}
		},
		{
			"from": [7.3, 17.02437, 14.47843],
			"to": [8.3, 18.02437, 17.47843],
			"rotation": {"angle": -45, "axis": "x", "origin": [7.8, 11.44594, 8.9]},
			"faces": {
				"north": {"uv": [11.5, 6, 12, 6.5], "texture": "#2"},
				"east": {"uv": [0, 10, 1.5, 10.5], "texture": "#2"},
				"south": {"uv": [11.5, 6.5, 12, 7], "texture": "#2"},
				"west": {"uv": [10, 0, 11.5, 0.5], "texture": "#2"},
				"up": {"uv": [10.5, 2, 10, 0.5], "texture": "#2"},
				"down": {"uv": [2, 10, 1.5, 11.5], "texture": "#2"}
			}
		},
		{
			"from": [7.3, 16.02437, 13.47843],
			"to": [8.3, 17.02437, 16.47843],
			"rotation": {"angle": -45, "axis": "x", "origin": [7.8, 11.44594, 8.9]},
			"faces": {
				"north": {"uv": [7, 11.5, 7.5, 12], "texture": "#2"},
				"east": {"uv": [10, 2, 11.5, 2.5], "texture": "#2"},
				"south": {"uv": [11.5, 7, 12, 7.5], "texture": "#2"},
				"west": {"uv": [10, 2.5, 11.5, 3], "texture": "#2"},
				"up": {"uv": [2.5, 11.5, 2, 10], "texture": "#2"},
				"down": {"uv": [3, 10, 2.5, 11.5], "texture": "#2"}
			}
		},
		{
			"from": [7.3, 15.02437, 12.47843],
			"to": [8.3, 16.02437, 15.47843],
			"rotation": {"angle": -45, "axis": "x", "origin": [7.8, 11.44594, 8.9]},
			"faces": {
				"north": {"uv": [7.5, 11.5, 8, 12], "texture": "#2"},
				"east": {"uv": [10, 7, 11.5, 7.5], "texture": "#2"},
				"south": {"uv": [11.5, 7.5, 12, 8], "texture": "#2"},
				"west": {"uv": [7.5, 10, 9, 10.5], "texture": "#2"},
				"up": {"uv": [10.5, 11, 10, 9.5], "texture": "#2"},
				"down": {"uv": [0.5, 10.5, 0, 12], "texture": "#2"}
			}
		},
		{
			"from": [7.3, 14.02437, 11.47843],
			"to": [8.3, 15.02437, 14.47843],
			"rotation": {"angle": -45, "axis": "x", "origin": [7.8, 11.44594, 8.9]},
			"faces": {
				"north": {"uv": [8, 11.5, 8.5, 12], "texture": "#2"},
				"east": {"uv": [10, 7.5, 11.5, 8], "texture": "#2"},
				"south": {"uv": [11.5, 8, 12, 8.5], "texture": "#2"},
				"west": {"uv": [10, 8, 11.5, 8.5], "texture": "#2"},
				"up": {"uv": [1, 12, 0.5, 10.5], "texture": "#2"},
				"down": {"uv": [11, 0.5, 10.5, 2], "texture": "#2"}
			}
		},
		{
			"from": [7.3, 13.02437, 10.47843],
			"to": [8.3, 14.02437, 13.47843],
			"rotation": {"angle": -45, "axis": "x", "origin": [7.8, 11.44594, 8.9]},
			"faces": {
				"north": {"uv": [8.5, 11.5, 9, 12], "texture": "#2"},
				"east": {"uv": [7.5, 10.5, 9, 11], "texture": "#2"},
				"south": {"uv": [11.5, 8.5, 12, 9], "texture": "#2"},
				"west": {"uv": [10.5, 9, 12, 9.5], "texture": "#2"},
				"up": {"uv": [1.5, 12, 1, 10.5], "texture": "#2"},
				"down": {"uv": [4, 10.5, 3.5, 12], "texture": "#2"}
			}
		},
		{
			"from": [7.3, 12.02437, 9.47843],
			"to": [8.3, 13.02437, 12.47843],
			"rotation": {"angle": -45, "axis": "x", "origin": [7.8, 11.44594, 8.9]},
			"faces": {
				"north": {"uv": [10, 11.5, 10.5, 12], "texture": "#2"},
				"east": {"uv": [10.5, 9.5, 12, 10], "texture": "#2"},
				"south": {"uv": [10.5, 11.5, 11, 12], "texture": "#2"},
				"west": {"uv": [10.5, 10, 12, 10.5], "texture": "#2"},
				"up": {"uv": [4.5, 12, 4, 10.5], "texture": "#2"}
			}
		},
		{
			"from": [7.3, 11.02437, 8.47843],
			"to": [8.3, 12.02437, 12.47843],
			"rotation": {"angle": -45, "axis": "x", "origin": [7.8, 11.44594, 8.9]},
			"faces": {
				"north": {"uv": [11, 11.5, 11.5, 12], "texture": "#2"},
				"east": {"uv": [9, 4, 11, 4.5], "texture": "#2"},
				"south": {"uv": [11.5, 11, 12, 11.5], "texture": "#2"},
				"west": {"uv": [9, 4.5, 11, 5], "texture": "#2"},
				"up": {"uv": [7, 10.5, 6.5, 8.5], "texture": "#2"},
				"down": {"uv": [3.5, 9, 3, 11], "texture": "#2"}
			}
		},
		{
			"from": [7.3, 22.42437, 18.47843],
			"to": [8.3, 23.42437, 21.47843],
			"rotation": {"angle": -45, "axis": "x", "origin": [7.8, 12.84594, 8.9]},
			"faces": {
				"north": {"uv": [11.5, 11.5, 12, 12], "texture": "#2"},
				"east": {"uv": [10.5, 10.5, 12, 11], "texture": "#2"},
				"south": {"uv": [0, 12, 0.5, 12.5], "texture": "#2"},
				"west": {"uv": [11, 0.5, 12.5, 1], "texture": "#2"},
				"up": {"uv": [3.5, 12.5, 3, 11], "texture": "#2"},
				"down": {"uv": [11.5, 3, 11, 4.5], "texture": "#2"}
			}
		},
		{
			"from": [7.3, 23.82437, 18.47843],
			"to": [8.3, 24.82437, 21.47843],
			"rotation": {"angle": -45, "axis": "x", "origin": [7.8, 14.24594, 8.9]},
			"faces": {
				"north": {"uv": [12, 0, 12.5, 0.5], "texture": "#2"},
				"east": {"uv": [11, 1, 12.5, 1.5], "texture": "#2"},
				"south": {"uv": [0.5, 12, 1, 12.5], "texture": "#2"},
				"west": {"uv": [11, 1.5, 12.5, 2], "texture": "#2"},
				"up": {"uv": [5, 12.5, 4.5, 11], "texture": "#2"},
				"down": {"uv": [11.5, 4.5, 11, 6], "texture": "#2"}
			}
		},
		{
			"from": [7.3, 25.22437, 18.47843],
			"to": [8.3, 26.22437, 20.47843],
			"rotation": {"angle": -45, "axis": "x", "origin": [7.8, 15.64594, 8.9]},
			"faces": {
				"north": {"uv": [1, 12, 1.5, 12.5], "texture": "#2"},
				"east": {"uv": [7, 11, 8, 11.5], "texture": "#2"},
				"south": {"uv": [1.5, 12, 2, 12.5], "texture": "#2"},
				"west": {"uv": [8, 11, 9, 11.5], "texture": "#2"},
				"up": {"uv": [9.5, 12, 9, 11], "texture": "#2"}
			}
		}
	],
	"display": {
		"firstperson_righthand": {
			"rotation": [10.17, -0.5, -7.37],
			"translation": [1, -0.5, -3]
		},
		"ground": {
			"rotation": [0, 90, 0],
			"translation": [0, 3.5, 0],
			"scale": [0.6, 0.6, 0.6]
		}
	},
	"groups": [
		{
			"name": "sword",
			"origin": [7.2, 11.1, 8.6],
			"color": 0,
			"children": [
				0,
				1,
				2,
				3,
				4,
				5,
				6,
				7,
				8,
				9,
				10,
				{
					"name": "lezvie",
					"origin": [7.8, 15.64594, 8.9],
					"color": 0,
					"children": [11, 12, 13, 14, 15, 16, 17, 18, 19, 20, 21, 22, 23, 24]
				}
			]
		}
	]
}