{
	"credit": "Made with Blockbench",
	"texture_size": [64, 64],
	"textures": {
		"1": "irons_spellbooks:item/graybeard_staff"
	},
	"elements": [
		{
			"from": [7, -12, 7.4],
			"to": [9, -11, 9.4],
			"rotation": {"angle": 0, "axis": "y", "origin": [8, 1, 8.4]},
			"faces": {
				"north": {"uv": [0, 5.5, 0.5, 5.75], "texture": "#1"},
				"east": {"uv": [0, 5.5, 0.5, 5.75], "texture": "#1"},
				"south": {"uv": [0.5, 5.5, 1, 5.75], "texture": "#1"},
				"west": {"uv": [0, 5.5, 0.5, 5.75], "texture": "#1"},
				"up": {"uv": [4.25, 0.5, 3.75, 0], "texture": "#1"},
				"down": {"uv": [4.25, 0.5, 3.75, 1], "texture": "#1"}
			}
		},
		{
			"from": [7, 12, 7.4],
			"to": [9, 13, 9.4],
			"rotation": {"angle": 0, "axis": "y", "origin": [8, 0, 8.4]},
			"faces": {
				"north": {"uv": [0, 5.5, 0.5, 5.75], "texture": "#1"},
				"east": {"uv": [0, 5.5, 0.5, 5.75], "texture": "#1"},
				"south": {"uv": [1, 5.5, 0.5, 5.75], "texture": "#1"},
				"west": {"uv": [0, 5.5, 0.5, 5.75], "texture": "#1"},
				"up": {"uv": [3.75, 0, 4.25, 0.5], "texture": "#1"},
				"down": {"uv": [3.75, 0.5, 4.25, 1], "texture": "#1"}
			}
		},
		{
			"from": [5, 13, 8.4],
			"to": [11, 22, 8.4],
			"rotation": {"angle": 0, "axis": "y", "origin": [0, 0, 0.4]},
			"faces": {
				"north": {"uv": [0, 0, 1.5, 2.25], "texture": "#1"},
				"south": {"uv": [1.5, 0, 0, 2.25], "texture": "#1"}
			}
		},
		{
			"from": [8, 9, 5.4],
			"to": [8, 18, 11.4],
			"rotation": {"angle": 22.5, "axis": "y", "origin": [8, 14, 8.4]},
			"faces": {
				"east": {"uv": [1.5, 0, 3, 2.25], "texture": "#1"},
				"west": {"uv": [3, 0, 1.5, 2.25], "texture": "#1"}
			}
		},
		{
			"from": [8, 16, 6.4],
			"to": [8, 25, 10.4],
			"rotation": {"angle": -45, "axis": "y", "origin": [8, 14, 8.4]},
			"faces": {
				"east": {"uv": [1.75, 2.25, 2.75, 4.5], "texture": "#1"},
				"west": {"uv": [1.75, 2.25, 2.75, 4.5], "texture": "#1"}
			}
		},
		{
			"from": [8, 15, 3.4],
			"to": [8, 22, 10.4],
			"rotation": {"angle": 0, "axis": "y", "origin": [8, 14, 8.4]},
			"faces": {
				"east": {"uv": [0, 2.25, 1.75, 4], "texture": "#1"},
				"west": {"uv": [1.75, 2.25, 0, 4], "texture": "#1"}
			}
		},
		{
			"from": [7.5, 4.22437, 17.27843],
			"to": [8.5, 5.22437, 20.27843],
			"rotation": {"angle": -45, "axis": "x", "origin": [8, -5.35406, 7.7]},
			"faces": {
				"north": {"uv": [5.5, 2, 5.75, 2.25], "texture": "#1"},
				"east": {"uv": [3.75, 1, 4.5, 1.25], "texture": "#1"},
				"south": {"uv": [5.5, 2.25, 5.75, 2.5], "texture": "#1"},
				"west": {"uv": [3.75, 1.25, 4.5, 1.5], "texture": "#1"},
				"up": {"uv": [4, 2.25, 3.75, 1.5], "texture": "#1"},
				"down": {"uv": [4, 2.25, 3.75, 3], "texture": "#1"}
			}
		},
		{
			"from": [7.5, 3.22437, 16.27843],
			"to": [8.5, 4.22437, 19.27843],
			"rotation": {"angle": -45, "axis": "x", "origin": [8, -5.35406, 7.7]},
			"faces": {
				"north": {"uv": [5.5, 2.5, 5.75, 2.75], "texture": "#1"},
				"east": {"uv": [3.75, 3, 4.5, 3.25], "texture": "#1"},
				"south": {"uv": [5.5, 3, 5.75, 3.25], "texture": "#1"},
				"west": {"uv": [3.75, 3.25, 4.5, 3.5], "texture": "#1"},
				"up": {"uv": [4, 4.25, 3.75, 3.5], "texture": "#1"},
				"down": {"uv": [0.25, 4, 0, 4.75], "texture": "#1"}
			}
		},
		{
			"from": [7.5, 2.22437, 15.27843],
			"to": [8.5, 3.22437, 18.27843],
			"rotation": {"angle": -45, "axis": "x", "origin": [8, -5.35406, 7.7]},
			"faces": {
				"north": {"uv": [5.5, 3.25, 5.75, 3.5], "texture": "#1"},
				"east": {"uv": [0.25, 4, 1, 4.25], "texture": "#1"},
				"south": {"uv": [5.5, 3.5, 5.75, 3.75], "texture": "#1"},
				"west": {"uv": [1, 4, 1.75, 4.25], "texture": "#1"},
				"up": {"uv": [4.25, 2.25, 4, 1.5], "texture": "#1"},
				"down": {"uv": [4.25, 2.25, 4, 3], "texture": "#1"}
			}
		},
		{
			"from": [7.5, 1.22437, 14.27843],
			"to": [8.5, 2.22437, 17.27843],
			"rotation": {"angle": -45, "axis": "x", "origin": [8, -5.35406, 7.7]},
			"faces": {
				"north": {"uv": [5.5, 3.75, 5.75, 4], "texture": "#1"},
				"east": {"uv": [4, 3.5, 4.75, 3.75], "texture": "#1"},
				"south": {"uv": [4, 5.5, 4.25, 5.75], "texture": "#1"},
				"west": {"uv": [4, 3.75, 4.75, 4], "texture": "#1"},
				"up": {"uv": [4.25, 4.75, 4, 4], "texture": "#1"},
				"down": {"uv": [4.5, 0, 4.25, 0.75], "texture": "#1"}
			}
		},
		{
			"from": [7.5, 0.22437, 13.27843],
			"to": [8.5, 1.22437, 16.27843],
			"rotation": {"angle": -45, "axis": "x", "origin": [8, -5.35406, 7.7]},
			"faces": {
				"north": {"uv": [5.5, 4.25, 5.75, 4.5], "texture": "#1"},
				"east": {"uv": [0.25, 4.25, 1, 4.5], "texture": "#1"},
				"south": {"uv": [4.5, 5.5, 4.75, 5.75], "texture": "#1"},
				"west": {"uv": [4.25, 0.75, 5, 1], "texture": "#1"},
				"up": {"uv": [1.25, 5, 1, 4.25], "texture": "#1"},
				"down": {"uv": [1.5, 4.25, 1.25, 5], "texture": "#1"}
			}
		},
		{
			"from": [7.5, -0.77563, 12.27843],
			"to": [8.5, 0.22437, 15.27843],
			"rotation": {"angle": -45, "axis": "x", "origin": [8, -5.35406, 7.7]},
			"faces": {
				"north": {"uv": [5.5, 4.5, 5.75, 4.75], "texture": "#1"},
				"east": {"uv": [4.25, 1.5, 5, 1.75], "texture": "#1"},
				"south": {"uv": [4.75, 5.5, 5, 5.75], "texture": "#1"},
				"west": {"uv": [4.25, 1.75, 5, 2], "texture": "#1"},
				"up": {"uv": [1.75, 5, 1.5, 4.25], "texture": "#1"},
				"down": {"uv": [4.5, 2, 4.25, 2.75], "texture": "#1"}
			}
		},
		{
			"from": [7.5, -1.77563, 11.27843],
			"to": [8.5, -0.77563, 14.27843],
			"rotation": {"angle": -45, "axis": "x", "origin": [8, -5.35406, 7.7]},
			"faces": {
				"north": {"uv": [5.5, 5, 5.75, 5.25], "texture": "#1"},
				"east": {"uv": [4.25, 2.75, 5, 3], "texture": "#1"},
				"south": {"uv": [5.25, 5.5, 5.5, 5.75], "texture": "#1"},
				"west": {"uv": [4.25, 4, 5, 4.25], "texture": "#1"},
				"up": {"uv": [4, 5, 3.75, 4.25], "texture": "#1"},
				"down": {"uv": [4.5, 4.25, 4.25, 5], "texture": "#1"}
			}
		},
		{
			"from": [7.5, -2.77563, 10.27843],
			"to": [8.5, -1.77563, 13.27843],
			"rotation": {"angle": -45, "axis": "x", "origin": [8, -5.35406, 7.7]},
			"faces": {
				"north": {"uv": [5.5, 5.25, 5.75, 5.5], "texture": "#1"},
				"east": {"uv": [4.5, 0, 5.25, 0.25], "texture": "#1"},
				"south": {"uv": [5.5, 5.5, 5.75, 5.75], "texture": "#1"},
				"west": {"uv": [0.25, 4.5, 1, 4.75], "texture": "#1"},
				"up": {"uv": [2, 5.25, 1.75, 4.5], "texture": "#1"},
				"down": {"uv": [2.25, 4.5, 2, 5.25], "texture": "#1"}
			}
		},
		{
			"from": [7.5, -3.77563, 9.27843],
			"to": [8.5, -2.77563, 12.27843],
			"rotation": {"angle": -45, "axis": "x", "origin": [8, -5.35406, 7.7]},
			"faces": {
				"north": {"uv": [0, 5.75, 0.25, 6], "texture": "#1"},
				"east": {"uv": [4.5, 0.25, 5.25, 0.5], "texture": "#1"},
				"south": {"uv": [0.25, 5.75, 0.5, 6], "texture": "#1"},
				"west": {"uv": [4.5, 0.5, 5.25, 0.75], "texture": "#1"},
				"up": {"uv": [4.75, 2.75, 4.5, 2], "texture": "#1"},
				"down": {"uv": [2.5, 4.5, 2.25, 5.25], "texture": "#1"}
			}
		},
		{
			"from": [7.5, -4.77563, 8.27843],
			"to": [8.5, -3.77563, 11.27843],
			"rotation": {"angle": -45, "axis": "x", "origin": [8, -5.35406, 7.7]},
			"faces": {
				"north": {"uv": [0.5, 5.75, 0.75, 6], "texture": "#1"},
				"east": {"uv": [4.5, 1, 5.25, 1.25], "texture": "#1"},
				"south": {"uv": [0.75, 5.75, 1, 6], "texture": "#1"},
				"west": {"uv": [4.5, 1.25, 5.25, 1.5], "texture": "#1"},
				"up": {"uv": [2.75, 5.25, 2.5, 4.5], "texture": "#1"},
				"down": {"uv": [4.75, 4.25, 4.5, 5], "texture": "#1"}
			}
		},
		{
			"from": [7.5, -7.17563, 7.27843],
			"to": [8.5, -6.17563, 10.27843],
			"rotation": {"angle": -45, "axis": "x", "origin": [8, -6.75406, 7.7]},
			"faces": {
				"north": {"uv": [5.75, 0.75, 6, 1], "texture": "#1"},
				"east": {"uv": [4.5, 3, 5.25, 3.25], "texture": "#1"},
				"south": {"uv": [1, 5.75, 1.25, 6], "texture": "#1"},
				"west": {"uv": [4.5, 3.25, 5.25, 3.5], "texture": "#1"},
				"up": {"uv": [0.25, 5.5, 0, 4.75], "texture": "#1"},
				"down": {"uv": [0.5, 4.75, 0.25, 5.5], "texture": "#1"}
			}
		},
		{
			"from": [7.5, -8.57563, 7.27843],
			"to": [8.5, -7.57563, 10.27843],
			"rotation": {"angle": -45, "axis": "x", "origin": [8, -8.15406, 7.7]},
			"faces": {
				"north": {"uv": [5.75, 1, 6, 1.25], "texture": "#1"},
				"east": {"uv": [4.75, 2, 5.5, 2.25], "texture": "#1"},
				"south": {"uv": [1.25, 5.75, 1.5, 6], "texture": "#1"},
				"west": {"uv": [4.75, 2.25, 5.5, 2.5], "texture": "#1"},
				"up": {"uv": [0.75, 5.5, 0.5, 4.75], "texture": "#1"},
				"down": {"uv": [1, 4.75, 0.75, 5.5], "texture": "#1"}
			}
		},
		{
			"from": [7.5, -9.97563, 7.27843],
			"to": [8.5, -8.97563, 10.27843],
			"rotation": {"angle": -45, "axis": "x", "origin": [8, -9.55406, 7.7]},
			"faces": {
				"north": {"uv": [5.75, 1.25, 6, 1.5], "texture": "#1"},
				"east": {"uv": [4.75, 2.5, 5.5, 2.75], "texture": "#1"},
				"south": {"uv": [1.5, 5.75, 1.75, 6], "texture": "#1"},
				"west": {"uv": [4.75, 3.5, 5.5, 3.75], "texture": "#1"},
				"up": {"uv": [4.25, 5.5, 4, 4.75], "texture": "#1"},
				"down": {"uv": [5, 4.25, 4.75, 5], "texture": "#1"}
			}
		},
		{
			"from": [7.5, -11.37563, 7.27843],
			"to": [8.5, -10.37563, 10.27843],
			"rotation": {"angle": -45, "axis": "x", "origin": [8, -10.95406, 7.7]},
			"faces": {
				"north": {"uv": [5.75, 1.5, 6, 1.75], "texture": "#1"},
				"east": {"uv": [4.75, 3.75, 5.5, 4], "texture": "#1"},
				"south": {"uv": [5.75, 1.75, 6, 2], "texture": "#1"},
				"west": {"uv": [5, 0.75, 5.75, 1], "texture": "#1"},
				"up": {"uv": [1.25, 5.75, 1, 5], "texture": "#1"},
				"down": {"uv": [1.5, 5, 1.25, 5.75], "texture": "#1"}
			}
		},
		{
			"from": [7.5, -12.77563, 7.27843],
			"to": [8.5, -11.77563, 10.27843],
			"rotation": {"angle": -45, "axis": "x", "origin": [8, -12.35406, 7.7]},
			"faces": {
				"north": {"uv": [5.75, 2, 6, 2.25], "texture": "#1"},
				"east": {"uv": [5, 1.5, 5.75, 1.75], "texture": "#1"},
				"south": {"uv": [5.75, 2.25, 6, 2.5], "texture": "#1"},
				"west": {"uv": [5, 1.75, 5.75, 2], "texture": "#1"},
				"up": {"uv": [1.75, 5.75, 1.5, 5], "texture": "#1"},
				"down": {"uv": [4, 5, 3.75, 5.75], "texture": "#1"}
			}
		},
		{
			"from": [7.5, -14.17563, 8.27843],
			"to": [8.5, -13.17563, 10.27843],
			"rotation": {"angle": -45, "axis": "x", "origin": [8, -13.75406, 7.7]},
			"faces": {
				"north": {"uv": [5.75, 2.5, 6, 2.75], "texture": "#1"},
				"east": {"uv": [5.25, 1, 5.75, 1.25], "texture": "#1"},
				"south": {"uv": [5.75, 2.75, 6, 3], "texture": "#1"},
				"west": {"uv": [5.25, 1.25, 5.75, 1.5], "texture": "#1"},
				"down": {"uv": [5.5, 4.25, 5.25, 4.75], "texture": "#1"}
			}
		},
		{
			"from": [7.5, -5.77563, 7.27843],
			"to": [8.5, -4.77563, 10.27843],
			"rotation": {"angle": -45, "axis": "x", "origin": [8, -5.35406, 7.7]},
			"faces": {
				"north": {"uv": [5.75, 3, 6, 3.25], "texture": "#1"},
				"east": {"uv": [5, 2.75, 5.75, 3], "texture": "#1"},
				"south": {"uv": [5.75, 3.25, 6, 3.5], "texture": "#1"},
				"west": {"uv": [5, 4, 5.75, 4.25], "texture": "#1"},
				"up": {"uv": [4.5, 5.75, 4.25, 5], "texture": "#1"},
				"down": {"uv": [5.25, 4.25, 5, 5], "texture": "#1"}
			}
		},
		{
			"from": [7.5, 5.62437, 17.27843],
			"to": [8.5, 6.62437, 20.27843],
			"rotation": {"angle": -45, "axis": "x", "origin": [8, -3.95406, 7.7]},
			"faces": {
				"north": {"uv": [5.75, 3.5, 6, 3.75], "texture": "#1"},
				"east": {"uv": [4.5, 5, 5.25, 5.25], "texture": "#1"},
				"south": {"uv": [3.75, 5.75, 4, 6], "texture": "#1"},
				"west": {"uv": [5.25, 0, 6, 0.25], "texture": "#1"},
				"up": {"uv": [2, 6, 1.75, 5.25], "texture": "#1"},
				"down": {"uv": [2.25, 5.25, 2, 6], "texture": "#1"}
			}
		},
		{
			"from": [7.5, 7.02437, 17.27843],
			"to": [8.5, 8.02437, 20.27843],
			"rotation": {"angle": -45, "axis": "x", "origin": [8, -2.55406, 7.7]},
			"faces": {
				"north": {"uv": [5.75, 3.75, 6, 4], "texture": "#1"},
				"east": {"uv": [5.25, 0.25, 6, 0.5], "texture": "#1"},
				"south": {"uv": [4, 5.75, 4.25, 6], "texture": "#1"},
				"west": {"uv": [5.25, 0.5, 6, 0.75], "texture": "#1"},
				"up": {"uv": [2.5, 6, 2.25, 5.25], "texture": "#1"},
				"down": {"uv": [2.75, 5.25, 2.5, 6], "texture": "#1"}
			}
		},
		{
			"from": [7.5, 8.42437, 17.27843],
			"to": [8.5, 9.42437, 19.27843],
			"rotation": {"angle": -45, "axis": "x", "origin": [8, -1.15406, 7.7]},
			"faces": {
				"north": {"uv": [5.75, 4, 6, 4.25], "texture": "#1"},
				"east": {"uv": [4.5, 5.25, 5, 5.5], "texture": "#1"},
				"south": {"uv": [4.25, 5.75, 4.5, 6], "texture": "#1"},
				"west": {"uv": [5.25, 4.75, 5.75, 5], "texture": "#1"},
				"up": {"uv": [5.25, 5.75, 5, 5.25], "texture": "#1"}
			}
		}
	],
	"gui_light": "front",
	"display": {
		"thirdperson_righthand": {
			"translation": [0, 3, 1.25]
		},
		"thirdperson_lefthand": {
			"translation": [0, 3, 1.25]
		},
		"firstperson_righthand": {
			"translation": [1.5, 0, -2.75]
		},
		"firstperson_lefthand": {
			"translation": [1.5, 0, -2.75]
		},
		"ground": {
			"rotation": [0, 90, 0],
			"translation": [0, 11, 0],
			"scale": [0.6, 0.6, 0.6]
		},
		"gui": {
			"rotation": [-13, 128, 65],
			"translation": [0.5, 0.5, 0],
			"scale": [0.6, 0.6, 0.6]
		},
		"fixed": {
			"translation": [0, 1.75, -0.75],
			"scale": [0.55, 0.55, 0.55]
		}
	},
	"groups": [
		0,
		1,
		2,
		3,
		4,
		5,
		{
			"name": "lezvie",
			"origin": [7.8, 15.64594, 8.9],
			"color": 0,
			"children": [6, 7, 8, 9, 10, 11, 12, 13, 14, 15, 16, 17, 18, 19, 20, 21, 22, 23, 24, 25]
		}
	]
}