{
	"credit": "Made with Blockbench",
	"texture_size": [32, 32],
	"textures": {
		"2": "irons_spellbooks:item/ice_staff",
		"particle": "irons_spellbooks:item/ice_staff"
	},
	"elements": [
		{
			"name": "crystal",
			"from": [6.5, 17, 7.3],
			"to": [9.5, 22, 10.3],
			"rotation": {"angle": 0, "axis": "y", "origin": [8, 0, 8.8]},
			"faces": {
				"north": {"uv": [5, 0, 6.5, 2.5], "texture": "#2"},
				"east": {"uv": [5, 0, 6.5, 2.5], "texture": "#2"},
				"south": {"uv": [5, 0, 6.5, 2.5], "texture": "#2"},
				"west": {"uv": [5, 0, 6.5, 2.5], "texture": "#2"},
				"up": {"uv": [6.5, 4, 5, 2.5], "texture": "#2"},
				"down": {"uv": [6.5, 4, 5, 5.5], "texture": "#2"}
			}
		},
		{
			"name": "aligned_brace",
			"from": [8, 12, 5.8],
			"to": [8, 17, 11.8],
			"rotation": {"angle": 0, "axis": "y", "origin": [8, 14, 8.8]},
			"faces": {
				"east": {"uv": [0, 5, 3, 7.5], "texture": "#2"},
				"west": {"uv": [3, 5, 0, 7.5], "texture": "#2"}
			}
		},
		{
			"name": "unaligned_brace",
			"from": [8, 14, 5.8],
			"to": [8, 24, 11.8],
			"rotation": {"angle": 45, "axis": "y", "origin": [8, 14, 8.8]},
			"faces": {
				"east": {"uv": [0, 0, 3, 5], "texture": "#2"},
				"west": {"uv": [3, 0, 0, 5], "texture": "#2"}
			}
		},
		{
			"from": [5, 14, 8.8],
			"to": [11, 24, 8.8],
			"rotation": {"angle": 45, "axis": "y", "origin": [8, 14, 8.8]},
			"faces": {
				"north": {"uv": [3, 0, 0, 5], "texture": "#2"},
				"south": {"uv": [3, 0, 0, 5], "texture": "#2"}
			}
		},
		{
			"from": [5, 12, 8.8],
			"to": [11, 17, 8.8],
			"rotation": {"angle": 0, "axis": "y", "origin": [8, 14, 8.8]},
			"faces": {
				"north": {"uv": [3, 5, 0, 7.5], "texture": "#2"},
				"south": {"uv": [3, 5, 0, 7.5], "texture": "#2"}
			}
		},
		{
			"name": "pommel",
			"from": [7, -13, 7.8],
			"to": [9, -12, 9.8],
			"rotation": {"angle": 0, "axis": "y", "origin": [8, -12, 8.8]},
			"faces": {
				"north": {"uv": [6.5, 10.5, 7.5, 11], "texture": "#2"},
				"east": {"uv": [6.5, 10.5, 7.5, 11], "texture": "#2"},
				"south": {"uv": [6.5, 10.5, 7.5, 11], "texture": "#2"},
				"west": {"uv": [6.5, 10.5, 7.5, 11], "texture": "#2"},
				"up": {"uv": [6, 6.5, 5, 5.5], "texture": "#2"},
				"down": {"uv": [7, 5.5, 6, 6.5], "texture": "#2"}
			}
		},
		{
			"from": [7.5, 3.22437, 17.67843],
			"to": [8.5, 4.22437, 20.67843],
			"rotation": {"angle": -45, "axis": "x", "origin": [8, -6.35406, 8.1]},
			"faces": {
				"north": {"uv": [10.5, 6.5, 11, 7], "texture": "#2"},
				"east": {"uv": [6.5, 0, 8, 0.5], "texture": "#2"},
				"south": {"uv": [10.5, 8.5, 11, 9], "texture": "#2"},
				"west": {"uv": [6.5, 0.5, 8, 1], "texture": "#2"},
				"up": {"uv": [7, 2.5, 6.5, 1], "texture": "#2"},
				"down": {"uv": [7, 2.5, 6.5, 4], "texture": "#2"}
			}
		},
		{
			"from": [7.5, 2.22437, 16.67843],
			"to": [8.5, 3.22437, 19.67843],
			"rotation": {"angle": -45, "axis": "x", "origin": [8, -6.35406, 8.1]},
			"faces": {
				"north": {"uv": [9, 10.5, 9.5, 11], "texture": "#2"},
				"east": {"uv": [6.5, 4, 8, 4.5], "texture": "#2"},
				"south": {"uv": [10.5, 9, 11, 9.5], "texture": "#2"},
				"west": {"uv": [6.5, 4.5, 8, 5], "texture": "#2"},
				"up": {"uv": [5.5, 8, 5, 6.5], "texture": "#2"},
				"down": {"uv": [6, 6.5, 5.5, 8], "texture": "#2"}
			}
		},
		{
			"from": [7.5, 1.22437, 15.67843],
			"to": [8.5, 2.22437, 18.67843],
			"rotation": {"angle": -45, "axis": "x", "origin": [8, -6.35406, 8.1]},
			"faces": {
				"north": {"uv": [9.5, 10.5, 10, 11], "texture": "#2"},
				"east": {"uv": [6.5, 5, 8, 5.5], "texture": "#2"},
				"south": {"uv": [10.5, 9.5, 11, 10], "texture": "#2"},
				"west": {"uv": [6, 6.5, 7.5, 7], "texture": "#2"},
				"up": {"uv": [7.5, 2.5, 7, 1], "texture": "#2"},
				"down": {"uv": [7.5, 2.5, 7, 4], "texture": "#2"}
			}
		},
		{
			"from": [7.5, 0.22437, 14.67843],
			"to": [8.5, 1.22437, 17.67843],
			"rotation": {"angle": -45, "axis": "x", "origin": [8, -6.35406, 8.1]},
			"faces": {
				"north": {"uv": [10, 10.5, 10.5, 11], "texture": "#2"},
				"east": {"uv": [7, 5.5, 8.5, 6], "texture": "#2"},
				"south": {"uv": [10.5, 10, 11, 10.5], "texture": "#2"},
				"west": {"uv": [6, 7, 7.5, 7.5], "texture": "#2"},
				"up": {"uv": [0.5, 9, 0, 7.5], "texture": "#2"},
				"down": {"uv": [1, 7.5, 0.5, 9], "texture": "#2"}
			}
		},
		{
			"from": [7.5, -0.77563, 13.67843],
			"to": [8.5, 0.22437, 16.67843],
			"rotation": {"angle": -45, "axis": "x", "origin": [8, -6.35406, 8.1]},
			"faces": {
				"north": {"uv": [10.5, 10.5, 11, 11], "texture": "#2"},
				"east": {"uv": [7, 6, 8.5, 6.5], "texture": "#2"},
				"south": {"uv": [11, 0, 11.5, 0.5], "texture": "#2"},
				"west": {"uv": [1, 7.5, 2.5, 8], "texture": "#2"},
				"up": {"uv": [8, 2.5, 7.5, 1], "texture": "#2"},
				"down": {"uv": [3, 7.5, 2.5, 9], "texture": "#2"}
			}
		},
		{
			"from": [7.5, -1.77563, 12.67843],
			"to": [8.5, -0.77563, 15.67843],
			"rotation": {"angle": -45, "axis": "x", "origin": [8, -6.35406, 8.1]},
			"faces": {
				"north": {"uv": [11, 0.5, 11.5, 1], "texture": "#2"},
				"east": {"uv": [7.5, 2.5, 9, 3], "texture": "#2"},
				"south": {"uv": [1, 11, 1.5, 11.5], "texture": "#2"},
				"west": {"uv": [7.5, 3, 9, 3.5], "texture": "#2"},
				"up": {"uv": [6.5, 9, 6, 7.5], "texture": "#2"},
				"down": {"uv": [7, 7.5, 6.5, 9], "texture": "#2"}
			}
		},
		{
			"from": [7.5, -2.77563, 11.67843],
			"to": [8.5, -1.77563, 14.67843],
			"rotation": {"angle": -45, "axis": "x", "origin": [8, -6.35406, 8.1]},
			"faces": {
				"north": {"uv": [1.5, 11, 2, 11.5], "texture": "#2"},
				"east": {"uv": [7.5, 3.5, 9, 4], "texture": "#2"},
				"south": {"uv": [2, 11, 2.5, 11.5], "texture": "#2"},
				"west": {"uv": [7.5, 6.5, 9, 7], "texture": "#2"},
				"up": {"uv": [7.5, 9, 7, 7.5], "texture": "#2"},
				"down": {"uv": [8, 7, 7.5, 8.5], "texture": "#2"}
			}
		},
		{
			"from": [7.5, -3.77563, 10.67843],
			"to": [8.5, -2.77563, 13.67843],
			"rotation": {"angle": -45, "axis": "x", "origin": [8, -6.35406, 8.1]},
			"faces": {
				"north": {"uv": [11, 2, 11.5, 2.5], "texture": "#2"},
				"east": {"uv": [8, 0, 9.5, 0.5], "texture": "#2"},
				"south": {"uv": [11, 2.5, 11.5, 3], "texture": "#2"},
				"west": {"uv": [8, 0.5, 9.5, 1], "texture": "#2"},
				"up": {"uv": [1.5, 9.5, 1, 8], "texture": "#2"},
				"down": {"uv": [8.5, 1, 8, 2.5], "texture": "#2"}
			}
		},
		{
			"from": [7.5, -4.77563, 9.67843],
			"to": [8.5, -3.77563, 12.67843],
			"rotation": {"angle": -45, "axis": "x", "origin": [8, -6.35406, 8.1]},
			"faces": {
				"north": {"uv": [11, 4, 11.5, 4.5], "texture": "#2"},
				"east": {"uv": [8, 4, 9.5, 4.5], "texture": "#2"},
				"south": {"uv": [11, 4.5, 11.5, 5], "texture": "#2"},
				"west": {"uv": [8, 4.5, 9.5, 5], "texture": "#2"},
				"up": {"uv": [2, 9.5, 1.5, 8], "texture": "#2"},
				"down": {"uv": [2.5, 8, 2, 9.5], "texture": "#2"}
			}
		},
		{
			"from": [7.5, -5.77563, 8.67843],
			"to": [8.5, -4.77563, 11.67843],
			"rotation": {"angle": -45, "axis": "x", "origin": [8, -6.35406, 8.1]},
			"faces": {
				"north": {"uv": [5, 11, 5.5, 11.5], "texture": "#2"},
				"east": {"uv": [8, 5, 9.5, 5.5], "texture": "#2"},
				"south": {"uv": [11, 5, 11.5, 5.5], "texture": "#2"},
				"west": {"uv": [8, 7, 9.5, 7.5], "texture": "#2"},
				"up": {"uv": [5.5, 9.5, 5, 8], "texture": "#2"},
				"down": {"uv": [6, 8, 5.5, 9.5], "texture": "#2"}
			}
		},
		{
			"from": [7.5, -8.17563, 7.67843],
			"to": [8.5, -7.17563, 10.67843],
			"rotation": {"angle": -45, "axis": "x", "origin": [8, -7.75406, 8.1]},
			"faces": {
				"north": {"uv": [5.5, 11, 6, 11.5], "texture": "#2"},
				"east": {"uv": [8, 7.5, 9.5, 8], "texture": "#2"},
				"south": {"uv": [6.5, 11, 7, 11.5], "texture": "#2"},
				"west": {"uv": [8, 8, 9.5, 8.5], "texture": "#2"},
				"up": {"uv": [9, 2.5, 8.5, 1], "texture": "#2"},
				"down": {"uv": [8, 8.5, 7.5, 10], "texture": "#2"}
			}
		},
		{
			"from": [7.5, -9.57563, 7.67843],
			"to": [8.5, -8.57563, 10.67843],
			"rotation": {"angle": -45, "axis": "x", "origin": [8, -9.15406, 8.1]},
			"faces": {
				"north": {"uv": [11, 6.5, 11.5, 7], "texture": "#2"},
				"east": {"uv": [8.5, 5.5, 10, 6], "texture": "#2"},
				"south": {"uv": [7, 11, 7.5, 11.5], "texture": "#2"},
				"west": {"uv": [8.5, 6, 10, 6.5], "texture": "#2"},
				"up": {"uv": [8.5, 10, 8, 8.5], "texture": "#2"},
				"down": {"uv": [9, 8.5, 8.5, 10], "texture": "#2"}
			}
		},
		{
			"from": [7.5, -10.97563, 7.67843],
			"to": [8.5, -9.97563, 10.67843],
			"rotation": {"angle": -45, "axis": "x", "origin": [8, -10.55406, 8.1]},
			"faces": {
				"north": {"uv": [11, 7, 11.5, 7.5], "texture": "#2"},
				"east": {"uv": [9, 1, 10.5, 1.5], "texture": "#2"},
				"south": {"uv": [11, 7.5, 11.5, 8], "texture": "#2"},
				"west": {"uv": [9, 1.5, 10.5, 2], "texture": "#2"},
				"up": {"uv": [0.5, 10.5, 0, 9], "texture": "#2"},
				"down": {"uv": [1, 9, 0.5, 10.5], "texture": "#2"}
			}
		},
		{
			"from": [7.5, -12.37563, 7.67843],
			"to": [8.5, -11.37563, 10.67843],
			"rotation": {"angle": -45, "axis": "x", "origin": [8, -11.95406, 8.1]},
			"faces": {
				"north": {"uv": [11, 8, 11.5, 8.5], "texture": "#2"},
				"east": {"uv": [9, 2, 10.5, 2.5], "texture": "#2"},
				"south": {"uv": [11, 8.5, 11.5, 9], "texture": "#2"},
				"west": {"uv": [9, 2.5, 10.5, 3], "texture": "#2"},
				"up": {"uv": [3, 10.5, 2.5, 9], "texture": "#2"},
				"down": {"uv": [6.5, 9, 6, 10.5], "texture": "#2"}
			}
		},
		{
			"from": [7.5, -13.77563, 7.67843],
			"to": [8.5, -12.77563, 10.67843],
			"rotation": {"angle": -45, "axis": "x", "origin": [8, -13.35406, 8.1]},
			"faces": {
				"north": {"uv": [9, 11, 9.5, 11.5], "texture": "#2"},
				"east": {"uv": [9, 3, 10.5, 3.5], "texture": "#2"},
				"south": {"uv": [11, 9, 11.5, 9.5], "texture": "#2"},
				"west": {"uv": [9, 3.5, 10.5, 4], "texture": "#2"},
				"up": {"uv": [7, 10.5, 6.5, 9], "texture": "#2"},
				"down": {"uv": [7.5, 9, 7, 10.5], "texture": "#2"}
			}
		},
		{
			"from": [7.5, -15.17563, 8.67843],
			"to": [8.5, -14.17563, 10.67843],
			"rotation": {"angle": -45, "axis": "x", "origin": [8, -14.75406, 8.1]},
			"faces": {
				"north": {"uv": [9.5, 11, 10, 11.5], "texture": "#2"},
				"east": {"uv": [10.5, 1, 11.5, 1.5], "texture": "#2"},
				"south": {"uv": [11, 9.5, 11.5, 10], "texture": "#2"},
				"west": {"uv": [10.5, 1.5, 11.5, 2], "texture": "#2"},
				"down": {"uv": [11, 2, 10.5, 3], "texture": "#2"}
			}
		},
		{
			"from": [7.5, -6.77563, 7.67843],
			"to": [8.5, -5.77563, 10.67843],
			"rotation": {"angle": -45, "axis": "x", "origin": [8, -6.35406, 8.1]},
			"faces": {
				"north": {"uv": [10, 11, 10.5, 11.5], "texture": "#2"},
				"east": {"uv": [9, 6.5, 10.5, 7], "texture": "#2"},
				"south": {"uv": [11, 10, 11.5, 10.5], "texture": "#2"},
				"west": {"uv": [9, 8.5, 10.5, 9], "texture": "#2"},
				"up": {"uv": [9.5, 10.5, 9, 9], "texture": "#2"},
				"down": {"uv": [1.5, 9.5, 1, 11], "texture": "#2"}
			}
		},
		{
			"from": [7.5, 4.62437, 17.67843],
			"to": [8.5, 5.62437, 20.67843],
			"rotation": {"angle": -45, "axis": "x", "origin": [8, -4.95406, 8.1]},
			"faces": {
				"north": {"uv": [10.5, 11, 11, 11.5], "texture": "#2"},
				"east": {"uv": [9.5, 0, 11, 0.5], "texture": "#2"},
				"south": {"uv": [11, 10.5, 11.5, 11], "texture": "#2"},
				"west": {"uv": [9.5, 0.5, 11, 1], "texture": "#2"},
				"up": {"uv": [2, 11, 1.5, 9.5], "texture": "#2"},
				"down": {"uv": [2.5, 9.5, 2, 11], "texture": "#2"}
			}
		},
		{
			"from": [7.5, 6.02437, 17.67843],
			"to": [8.5, 7.02437, 20.67843],
			"rotation": {"angle": -45, "axis": "x", "origin": [8, -3.55406, 8.1]},
			"faces": {
				"north": {"uv": [11, 11, 11.5, 11.5], "texture": "#2"},
				"east": {"uv": [9.5, 4, 11, 4.5], "texture": "#2"},
				"south": {"uv": [11.5, 0, 12, 0.5], "texture": "#2"},
				"west": {"uv": [9.5, 4.5, 11, 5], "texture": "#2"},
				"up": {"uv": [5.5, 11, 5, 9.5], "texture": "#2"},
				"down": {"uv": [6, 9.5, 5.5, 11], "texture": "#2"}
			}
		},
		{
			"from": [7.5, 7.42437, 17.67843],
			"to": [8.5, 8.42437, 20.67843],
			"rotation": {"angle": -45, "axis": "x", "origin": [8, -2.15406, 8.1]},
			"faces": {
				"north": {"uv": [0.5, 11.5, 1, 12], "texture": "#2"},
				"east": {"uv": [9.5, 5, 11, 5.5], "texture": "#2"},
				"south": {"uv": [11.5, 0.5, 12, 1], "texture": "#2"},
				"west": {"uv": [9.5, 7, 11, 7.5], "texture": "#2"},
				"up": {"uv": [10, 10.5, 9.5, 9], "texture": "#2"},
				"down": {"uv": [8, 10, 7.5, 11.5], "texture": "#2"}
			}
		},
		{
			"from": [7.5, 8.82437, 17.67843],
			"to": [8.5, 9.82437, 20.67843],
			"rotation": {"angle": -45, "axis": "x", "origin": [8, -0.75406, 8.1]},
			"faces": {
				"north": {"uv": [1, 11.5, 1.5, 12], "texture": "#2"},
				"east": {"uv": [9.5, 7.5, 11, 8], "texture": "#2"},
				"south": {"uv": [11.5, 1, 12, 1.5], "texture": "#2"},
				"west": {"uv": [9.5, 8, 11, 8.5], "texture": "#2"},
				"up": {"uv": [8.5, 11.5, 8, 10], "texture": "#2"},
				"down": {"uv": [9, 10, 8.5, 11.5], "texture": "#2"}
			}
		},
		{
			"from": [7.5, 10.22437, 17.67843],
			"to": [8.5, 11.22437, 20.67843],
			"rotation": {"angle": -45, "axis": "x", "origin": [8, 0.64594, 8.1]},
			"faces": {
				"north": {"uv": [1.5, 11.5, 2, 12], "texture": "#2"},
				"east": {"uv": [10, 5.5, 11.5, 6], "texture": "#2"},
				"south": {"uv": [11.5, 1.5, 12, 2], "texture": "#2"},
				"west": {"uv": [10, 6, 11.5, 6.5], "texture": "#2"},
				"up": {"uv": [10.5, 10.5, 10, 9], "texture": "#2"},
				"down": {"uv": [0.5, 10.5, 0, 12], "texture": "#2"}
			}
		},
		{
			"from": [7.5, 11.62437, 17.67843],
			"to": [8.5, 12.62437, 19.67843],
			"rotation": {"angle": -45, "axis": "x", "origin": [8, 2.04594, 8.1]},
			"faces": {
				"north": {"uv": [2, 11.5, 2.5, 12], "texture": "#2"},
				"east": {"uv": [10.5, 3, 11.5, 3.5], "texture": "#2"},
				"west": {"uv": [10.5, 3.5, 11.5, 4], "texture": "#2"},
				"up": {"uv": [3, 11.5, 2.5, 10.5], "texture": "#2"}
			}
		}
	],
	"gui_light": "front",
	"display": {
		"thirdperson_righthand": {
			"translation": [0, 3, 1.25]
		},
		"thirdperson_lefthand": {
			"translation": [0, 3, 1.25]
		},
		"firstperson_righthand": {
			"translation": [1.5, 0, -2.75]
		},
		"firstperson_lefthand": {
			"translation": [1.5, 0, -2.75]
		},
		"ground": {
			"rotation": [0, 90, 0],
			"translation": [0, 11, 0],
			"scale": [0.6, 0.6, 0.6]
		},
		"gui": {
			"rotation": [-13, 128, 65],
			"translation": [0.5, 0.5, 0],
			"scale": [0.6, 0.6, 0.6]
		},
		"fixed": {
			"translation": [0, 1.75, -0.75],
			"scale": [0.55, 0.55, 0.55]
		}
	},
	"groups": [
		0,
		1,
		2,
		3,
		4,
		5,
		{
			"name": "stick",
			"origin": [7.8, 15.64594, 8.9],
			"color": 0,
			"children": [6, 7, 8, 9, 10, 11, 12, 13, 14, 15, 16, 17, 18, 19, 20, 21, 22, 23, 24, 25, 26, 27, 28]
		}
	]
}