{
	"credit": "Made with Blockbench",
	"texture_size": [32, 32],
	"textures": {
		"1": "irons_spellbooks:item/legionnaire_flamberge"
	},
	"elements": [
		{
			"from": [7.1, 12.02437, 10.37843],
			"to": [8.1, 13.02437, 13.37843],
			"rotation": {"angle": -45, "axis": "x", "origin": [7.6, 11.44594, 9.8]},
			"faces": {
				"east": {"uv": [11, 5, 12.5, 5.5], "texture": "#1"},
				"south": {"uv": [0, 10, 0.5, 10.5], "texture": "#1"},
				"west": {"uv": [11, 7.5, 12.5, 8], "texture": "#1"},
				"down": {"uv": [0.5, 11.5, 0, 13], "texture": "#1"}
			}
		},
		{
			"from": [7.1, 11.32437, 11.95],
			"to": [8.1, 12.32437, 13.05],
			"rotation": {"angle": -45, "axis": "x", "origin": [7.6, 10.74594, 10.5]},
			"faces": {
				"east": {"uv": [10, 8, 10.5, 8.5], "texture": "#1"},
				"south": {"uv": [10.5, 3, 11, 3.5], "texture": "#1"},
				"west": {"uv": [10.5, 6.5, 11, 7], "texture": "#1"},
				"down": {"uv": [1, 12, 0.5, 12.5], "texture": "#1"}
			}
		},
		{
			"from": [7.1, 13.42437, 8.37843],
			"to": [8.1, 14.42437, 13.37843],
			"rotation": {"angle": -45, "axis": "x", "origin": [7.6, 12.84594, 9.8]},
			"faces": {
				"north": {"uv": [12, 0.5, 12.5, 1], "texture": "#1"},
				"east": {"uv": [6, 2, 8.5, 2.5], "texture": "#1"},
				"south": {"uv": [1, 12, 1.5, 12.5], "texture": "#1"},
				"west": {"uv": [6, 2.5, 8.5, 3], "texture": "#1"},
				"up": {"uv": [4.5, 8, 4, 5.5], "texture": "#1"},
				"down": {"uv": [7, 4, 6.5, 6.5], "texture": "#1"}
			}
		},
		{
			"from": [7.1, 14.42437, 9.37843],
			"to": [8.1, 15.42437, 13.37843],
			"rotation": {"angle": -45, "axis": "x", "origin": [7.6, 12.84594, 9.8]},
			"faces": {
				"north": {"uv": [12, 1, 12.5, 1.5], "texture": "#1"},
				"east": {"uv": [8, 7, 10, 7.5], "texture": "#1"},
				"south": {"uv": [1.5, 12, 2, 12.5], "texture": "#1"},
				"west": {"uv": [8, 7.5, 10, 8], "texture": "#1"},
				"up": {"uv": [4.5, 10, 4, 8], "texture": "#1"}
			}
		},
		{
			"from": [7.1, 15.42437, 10.37843],
			"to": [8.1, 16.42437, 15.37843],
			"rotation": {"angle": -45, "axis": "x", "origin": [7.6, 12.84594, 9.8]},
			"faces": {
				"north": {"uv": [12, 1.5, 12.5, 2], "texture": "#1"},
				"east": {"uv": [6, 3, 8.5, 3.5], "texture": "#1"},
				"south": {"uv": [12, 2, 12.5, 2.5], "texture": "#1"},
				"west": {"uv": [6.5, 6.5, 9, 7], "texture": "#1"},
				"down": {"uv": [6, 7, 5.5, 9.5], "texture": "#1"}
			}
		},
		{
			"from": [7.1, 16.42437, 10.37843],
			"to": [8.1, 17.42437, 16.37843],
			"rotation": {"angle": -45, "axis": "x", "origin": [7.6, 12.84594, 9.8]},
			"faces": {
				"north": {"uv": [12, 2.5, 12.5, 3], "texture": "#1"},
				"east": {"uv": [4, 3.5, 7, 4], "texture": "#1"},
				"south": {"uv": [12, 3, 12.5, 3.5], "texture": "#1"},
				"west": {"uv": [1.5, 5, 4.5, 5.5], "texture": "#1"},
				"up": {"uv": [5, 8, 4.5, 5], "texture": "#1"},
				"down": {"uv": [5.5, 5, 5, 8], "texture": "#1"}
			}
		},
		{
			"from": [7.1, 17.42437, 11.37843],
			"to": [8.1, 18.42437, 16.37843],
			"rotation": {"angle": -45, "axis": "x", "origin": [7.6, 12.84594, 9.8]},
			"faces": {
				"north": {"uv": [12, 3.5, 12.5, 4], "texture": "#1"},
				"east": {"uv": [7, 0.5, 9.5, 1], "texture": "#1"},
				"south": {"uv": [4, 12, 4.5, 12.5], "texture": "#1"},
				"west": {"uv": [7, 1, 9.5, 1.5], "texture": "#1"},
				"up": {"uv": [6.5, 9.5, 6, 7], "texture": "#1"}
			}
		},
		{
			"from": [7.1, 18.42437, 13.37843],
			"to": [8.1, 19.42437, 18.37843],
			"rotation": {"angle": -45, "axis": "x", "origin": [7.6, 12.84594, 9.8]},
			"faces": {
				"north": {"uv": [12, 4, 12.5, 4.5], "texture": "#1"},
				"east": {"uv": [7, 1.5, 9.5, 2], "texture": "#1"},
				"south": {"uv": [4.5, 12, 5, 12.5], "texture": "#1"},
				"west": {"uv": [7, 6, 9.5, 6.5], "texture": "#1"},
				"down": {"uv": [0.5, 7.5, 0, 10], "texture": "#1"}
			}
		},
		{
			"from": [7.1, 19.42437, 13.37843],
			"to": [8.1, 20.42437, 19.37843],
			"rotation": {"angle": -45, "axis": "x", "origin": [7.6, 12.84594, 9.8]},
			"faces": {
				"north": {"uv": [12, 4.5, 12.5, 5], "texture": "#1"},
				"east": {"uv": [0, 5.5, 3, 6], "texture": "#1"},
				"south": {"uv": [5, 12, 5.5, 12.5], "texture": "#1"},
				"west": {"uv": [5.5, 0, 8.5, 0.5], "texture": "#1"},
				"up": {"uv": [3.5, 8.5, 3, 5.5], "texture": "#1"},
				"down": {"uv": [4, 5.5, 3.5, 8.5], "texture": "#1"}
			}
		},
		{
			"from": [7.1, 20.42437, 14.37843],
			"to": [8.1, 21.42437, 19.37843],
			"rotation": {"angle": -45, "axis": "x", "origin": [7.6, 12.84594, 9.8]},
			"faces": {
				"north": {"uv": [12, 6.5, 12.5, 7], "texture": "#1"},
				"east": {"uv": [0.5, 7.5, 3, 8], "texture": "#1"},
				"south": {"uv": [12, 7, 12.5, 7.5], "texture": "#1"},
				"west": {"uv": [7.5, 3.5, 10, 4], "texture": "#1"},
				"up": {"uv": [8, 9.5, 7.5, 7], "texture": "#1"}
			}
		},
		{
			"from": [7.1, 21.42437, 16.37843],
			"to": [8.1, 22.42437, 20.37843],
			"rotation": {"angle": -45, "axis": "x", "origin": [7.6, 12.84594, 9.8]},
			"faces": {
				"north": {"uv": [8, 12, 8.5, 12.5], "texture": "#1"},
				"east": {"uv": [8, 8, 10, 8.5], "texture": "#1"},
				"south": {"uv": [8.5, 12, 9, 12.5], "texture": "#1"},
				"west": {"uv": [8.5, 0, 10.5, 0.5], "texture": "#1"},
				"down": {"uv": [3.5, 8.5, 3, 10.5], "texture": "#1"}
			}
		},
		{
			"from": [7.1, 22.42437, 16.37843],
			"to": [8.1, 23.42437, 21.37843],
			"rotation": {"angle": -45, "axis": "x", "origin": [7.6, 12.84594, 9.8]},
			"faces": {
				"north": {"uv": [12, 8.5, 12.5, 9], "texture": "#1"},
				"east": {"uv": [7.5, 4, 10, 4.5], "texture": "#1"},
				"south": {"uv": [9, 12, 9.5, 12.5], "texture": "#1"},
				"west": {"uv": [7.5, 4.5, 10, 5], "texture": "#1"},
				"up": {"uv": [1.5, 10.5, 1, 8], "texture": "#1"},
				"down": {"uv": [2, 8, 1.5, 10.5], "texture": "#1"}
			}
		},
		{
			"from": [7.1, 23.82437, 16.37843],
			"to": [8.1, 24.82437, 21.37843],
			"rotation": {"angle": -45, "axis": "x", "origin": [7.6, 14.24594, 9.8]},
			"faces": {
				"north": {"uv": [12, 9, 12.5, 9.5], "texture": "#1"},
				"east": {"uv": [7.5, 5, 10, 5.5], "texture": "#1"},
				"south": {"uv": [9.5, 12, 10, 12.5], "texture": "#1"},
				"west": {"uv": [7.5, 5.5, 10, 6], "texture": "#1"},
				"up": {"uv": [2.5, 10.5, 2, 8], "texture": "#1"},
				"down": {"uv": [3, 8, 2.5, 10.5], "texture": "#1"}
			}
		},
		{
			"from": [7.1, 25.22437, 17.37843],
			"to": [8.1, 26.22437, 20.37843],
			"rotation": {"angle": -45, "axis": "x", "origin": [7.6, 15.64594, 9.8]},
			"faces": {
				"north": {"uv": [12, 9.5, 12.5, 10], "texture": "#1"},
				"east": {"uv": [11.5, 0, 13, 0.5], "texture": "#1"},
				"south": {"uv": [10, 12, 10.5, 12.5], "texture": "#1"},
				"west": {"uv": [0.5, 11.5, 2, 12], "texture": "#1"}
			}
		},
		{
			"from": [7.1, 26.62437, 16.37843],
			"to": [8.1, 27.62437, 20.37843],
			"rotation": {"angle": -45, "axis": "x", "origin": [7.6, 17.04594, 9.8]},
			"faces": {
				"north": {"uv": [12, 10, 12.5, 10.5], "texture": "#1"},
				"east": {"uv": [8.5, 2, 10.5, 2.5], "texture": "#1"},
				"south": {"uv": [10.5, 12, 11, 12.5], "texture": "#1"},
				"west": {"uv": [8.5, 2.5, 10.5, 3], "texture": "#1"},
				"up": {"uv": [4, 10.5, 3.5, 8.5], "texture": "#1"},
				"down": {"uv": [8.5, 8.5, 8, 10.5], "texture": "#1"}
			}
		},
		{
			"from": [7.1, 28.02437, 16.37843],
			"to": [8.1, 29.02437, 20.37843],
			"rotation": {"angle": -45, "axis": "x", "origin": [7.6, 18.44594, 9.8]},
			"faces": {
				"north": {"uv": [12, 10.5, 12.5, 11], "texture": "#1"},
				"east": {"uv": [8.5, 3, 10.5, 3.5], "texture": "#1"},
				"south": {"uv": [12, 11, 12.5, 11.5], "texture": "#1"},
				"west": {"uv": [8.5, 8.5, 10.5, 9], "texture": "#1"},
				"up": {"uv": [9, 11, 8.5, 9], "texture": "#1"},
				"down": {"uv": [9.5, 9, 9, 11], "texture": "#1"}
			}
		},
		{
			"from": [6.8, 3, 9],
			"to": [8.4, 11, 10.6],
			"rotation": {"angle": 0, "axis": "y", "origin": [7.6, 16.74594, 9.8]},
			"faces": {
				"north": {"uv": [0, 0, 1, 4], "texture": "#1"},
				"east": {"uv": [1, 0, 2, 4], "texture": "#1"},
				"south": {"uv": [2, 0, 3, 4], "texture": "#1"},
				"west": {"uv": [3, 0, 4, 4], "texture": "#1"},
				"down": {"uv": [6.5, 9.5, 5.5, 10.5], "texture": "#1"}
			}
		},
		{
			"from": [6.4, 2.2, 8.1],
			"to": [8.8, 4.6, 10.5],
			"rotation": {"angle": 45, "axis": "x", "origin": [6.4, 2.2, 8.1]},
			"faces": {
				"north": {"uv": [9.5, 6, 10.5, 7], "texture": "#1"},
				"east": {"uv": [6.5, 9.5, 7.5, 10.5], "texture": "#1"},
				"south": {"uv": [9.5, 9, 10.5, 10], "texture": "#1"},
				"west": {"uv": [10, 3.5, 11, 4.5], "texture": "#1"},
				"up": {"uv": [5, 11, 4, 10], "texture": "#1"},
				"down": {"uv": [11, 4.5, 10, 5.5], "texture": "#1"}
			}
		},
		{
			"from": [6.5, 4.96751, -0.87843],
			"to": [8.7, 7.16751, 1.32157],
			"rotation": {"angle": -45, "axis": "x", "origin": [7.6, 15.64594, 9.8]},
			"faces": {
				"north": {"uv": [10, 7, 11, 8], "texture": "#1"},
				"east": {"uv": [9.5, 10, 10.5, 11], "texture": "#1"},
				"south": {"uv": [0, 10.5, 1, 11.5], "texture": "#1"},
				"west": {"uv": [10.5, 0, 11.5, 1], "texture": "#1"},
				"up": {"uv": [2, 11.5, 1, 10.5], "texture": "#1"},
				"down": {"uv": [11.5, 1, 10.5, 2], "texture": "#1"}
			}
		},
		{
			"from": [6.6, 12.9, 1.97678],
			"to": [8.6, 15.9, 4.97678],
			"rotation": {"angle": -45, "axis": "x", "origin": [8.1, 20.65, 9.97678]},
			"faces": {
				"north": {"uv": [5.5, 4, 6.5, 5.5], "texture": "#1"},
				"east": {"uv": [0, 4, 1.5, 5.5], "texture": "#1"},
				"south": {"uv": [5.5, 5.5, 6.5, 7], "texture": "#1"},
				"west": {"uv": [4, 0, 5.5, 1.5], "texture": "#1"},
				"up": {"uv": [1, 7.5, 0, 6], "texture": "#1"},
				"down": {"uv": [7, 0.5, 6, 2], "texture": "#1"}
			}
		},
		{
			"from": [6.6, 12.9, 0.97678],
			"to": [8.6, 14.9, 1.97678],
			"rotation": {"angle": -45, "axis": "x", "origin": [8.1, 20.65, 9.97678]},
			"faces": {
				"north": {"uv": [2, 10.5, 3, 11.5], "texture": "#1"},
				"east": {"uv": [5.5, 0.5, 6, 1.5], "texture": "#1"},
				"west": {"uv": [11.5, 2, 12, 3], "texture": "#1"},
				"up": {"uv": [10.5, 2, 9.5, 1.5], "texture": "#1"}
			}
		},
		{
			"from": [6.6, 11.9, 17.62322],
			"to": [8.6, 14.9, 18.62322],
			"rotation": {"angle": 45, "axis": "x", "origin": [8.1, 20.65, 9.62322]},
			"faces": {
				"east": {"uv": [2.5, 11.5, 3, 13], "texture": "#1"},
				"south": {"uv": [2, 6, 3, 7.5], "texture": "#1"},
				"west": {"uv": [6.5, 11.5, 7, 13], "texture": "#1"},
				"up": {"uv": [12.5, 6.5, 11.5, 6], "texture": "#1"},
				"down": {"uv": [12.5, 8, 11.5, 8.5], "texture": "#1"}
			}
		},
		{
			"from": [7.6, 6.9, 5.2],
			"to": [7.6, 10.9, 6.2],
			"rotation": {"angle": 0, "axis": "y", "origin": [5.6, 8.9, 5.2]},
			"faces": {
				"east": {"uv": [7.5, 9.5, 8, 11.5], "texture": "#1"},
				"west": {"uv": [5, 10, 5.5, 12], "texture": "#1"}
			}
		},
		{
			"from": [7.6, 7.9, 13.4],
			"to": [7.6, 10.9, 14.4],
			"rotation": {"angle": 0, "axis": "y", "origin": [5.6, 8.9, 13.4]},
			"faces": {
				"east": {"uv": [7, 11.5, 7.5, 13], "texture": "#1"},
				"west": {"uv": [7.5, 11.5, 8, 13], "texture": "#1"}
			}
		},
		{
			"from": [7.1, 10.5, 11.5],
			"to": [8.1, 12.5, 15.5],
			"rotation": {"angle": -22.5, "axis": "x", "origin": [6.1, 10.5, 13.5]},
			"faces": {
				"east": {"uv": [1.5, 4, 3.5, 5], "texture": "#1"},
				"south": {"uv": [11.5, 9.5, 12, 10.5], "texture": "#1"},
				"west": {"uv": [4, 1.5, 6, 2.5], "texture": "#1"},
				"up": {"uv": [3.5, 12.5, 3, 10.5], "texture": "#1"},
				"down": {"uv": [4, 10.5, 3.5, 12.5], "texture": "#1"}
			}
		},
		{
			"from": [7.1, 10.5, 4.1],
			"to": [8.1, 12.5, 8.1],
			"rotation": {"angle": 22.5, "axis": "x", "origin": [6.1, 10.5, 6.1]},
			"faces": {
				"north": {"uv": [11.5, 10.5, 12, 11.5], "texture": "#1"},
				"east": {"uv": [4, 2.5, 6, 3.5], "texture": "#1"},
				"west": {"uv": [3.5, 4, 5.5, 5], "texture": "#1"},
				"up": {"uv": [6, 12.5, 5.5, 10.5], "texture": "#1"},
				"down": {"uv": [6.5, 10.5, 6, 12.5], "texture": "#1"}
			}
		},
		{
			"from": [6.7, 7.8, 7.3],
			"to": [8.5, 9.8, 9.3],
			"rotation": {"angle": -22.5, "axis": "x", "origin": [6.6, 7.8, 7.3]},
			"faces": {
				"north": {"uv": [10.5, 5.5, 11.5, 6.5], "texture": "#1"},
				"east": {"uv": [6.5, 10.5, 7.5, 11.5], "texture": "#1"},
				"south": {"uv": [10.5, 8, 11.5, 9], "texture": "#1"},
				"west": {"uv": [10.5, 9, 11.5, 10], "texture": "#1"},
				"up": {"uv": [11.5, 11, 10.5, 10], "texture": "#1"},
				"down": {"uv": [12, 3, 11, 4], "texture": "#1"}
			}
		},
		{
			"from": [6.7, 8.6, 10.5],
			"to": [8.5, 10.6, 12.5],
			"rotation": {"angle": 22.5, "axis": "x", "origin": [6.6, 8.6, 10.5]},
			"faces": {
				"north": {"uv": [4, 11, 5, 12], "texture": "#1"},
				"east": {"uv": [11, 4, 12, 5], "texture": "#1"},
				"south": {"uv": [11, 6.5, 12, 7.5], "texture": "#1"},
				"west": {"uv": [8, 11, 9, 12], "texture": "#1"},
				"up": {"uv": [10, 12, 9, 11], "texture": "#1"},
				"down": {"uv": [11, 11, 10, 12], "texture": "#1"}
			}
		}
	],
	"display": {
		"firstperson_righthand": {
			"rotation": [10.17, -0.5, -7.37],
			"translation": [1, 0.25, -2]
		},
		"firstperson_lefthand": {
			"rotation": [10.17, -0.5, -7.37],
			"translation": [1, 0.25, -2]
		},
		"ground": {
			"rotation": [0, 90, 0],
			"translation": [0, 2.5, 0],
			"scale": [0.6, 0.6, 0.6]
		}
	},
	"groups": [
		{
			"name": "sword",
			"origin": [8, 8, 8],
			"color": 0,
			"children": [
				{
					"name": "lezvie",
					"origin": [7.6, 10.84594, 9.8],
					"color": 0,
					"children": [0, 1, 2, 3, 4, 5, 6, 7, 8, 9, 10, 11, 12, 13, 14, 15]
				},
				{
					"name": "nuz",
					"origin": [8, 8, 8],
					"color": 0,
					"children": [16, 17, 18, 19, 20, 21, 22, 23, 24, 25, 26, 27]
				}
			]
		}
	]
}