{
  "parent": "builtin/entity",
  "display": {
    "thirdperson_righthand": {
      "translation": [
        0,
        0,
        -0.25
      ]
    },
    "thirdperson_lefthand": {
      "translation": [
        0,
        0,
        -0.25
      ]
    },
    "firstperson_righthand": {
      "translation": [
        1.5,
        0,
        -4.75
      ],
      "rotation": [
        -17.5,
        0,
        0
      ]
    },
    "firstperson_lefthand": {
      "translation": [
        1.5,
        0,
        -4.75
      ],
      "rotation": [
        -17.5,
        0,
        0
      ]
    },
    "gui": {
      "rotation": [
        -25,
        -15,
        0
      ],
      "translation": [
        0.75,
        0.5,
        0
      ],
      "scale": [
        0.6,
        0.6,
        0.6
      ]
    },
    "fixed": {
      "translation": [
        0,
        1.75,
        -0.75
      ],
      "scale": [
        0.55,
        0.55,
        0.55
      ]
    }
  }

}