{
    "name": "pose_two_handed_sword",
    "author": "Malfu",
    "description": "Two Handed Weapon Pose",
    "emote":{
        "isLoop": "true",
        "returnTick": 1,
        "beginTick":0,
        "endTick":1,
        "stopTick":11,
        "degrees":false,
        "moves":[
            
            {
                "tick":1,
                "easing": "EASEINOUTQUAD",
                "turn": 0,
                "rightArm":{
                    "yaw":0.03836141526699066
                }
            },
            {
                "tick":1,
                "easing": "EASEINOUTQUAD",
                "turn": 0,
                "rightArm":{
                    "roll":-0.17576931416988373
                }
            },
            {
                "tick":1,
                "easing": "EASEINOUTQUAD",
                "turn": 0,
                "rightArm":{
                    "y":2.0
                }
            },
            {
                "tick":1,
                "easing": "EASEINOUTQUAD",
                "turn": 0,
                "rightArm":{
                    "z":-0.0
                }
            },
            {
                "tick":1,
                "easing": "EASEINOUTQUAD",
                "turn": 0,
                "rightArm":{
                    "x":-5.0
                }
            },
            {
                "tick":1,
                "easing": "EASEINOUTQUAD",
                "turn": 0,
                "rightArm":{
                    "pitch":-0.6929678916931152
                }
            },
            {
                "tick":1,
                "easing": "EASEINOUTQUAD",
                "turn": 0,
                "leftArm":{
                    "roll":0.7426605224609375
                }
            },
            {
                "tick":1,
                "easing": "EASEINOUTQUAD",
                "turn": 0,
                "leftArm":{
                    "yaw":0.7957101464271545
                }
            },
            {
                "tick":1,
                "easing": "EASEINOUTQUAD",
                "turn": 0,
                "leftArm":{
                    "pitch":-0.3927100598812103
                }
            },
            {
                "tick":1,
                "easing": "EASEINOUTQUAD",
                "turn": 0,
                "leftArm":{
                    "y":2.4649009704589844
                }
            },
            {
                "tick":1,
                "easing": "EASEINOUTQUAD",
                "turn": 0,
                "leftArm":{
                    "z":-2.411799669265747
                }
            },
            {
                "tick":1,
                "easing": "EASEINOUTQUAD",
                "turn": 0,
                "leftArm":{
                    "x":3.4062023162841797
                }
            },
            {
                "tick":1,
                "easing": "EASEINOUTQUAD",
                "turn": 0,
                "rightItem":{
                    "x":1.424923539161682e-07
                }
            },
            {
                "tick":1,
                "easing": "EASEINOUTQUAD",
                "turn": 0,
                "rightItem":{
                    "z":2.226304531097412
                }
            },
            {
                "tick":1,
                "easing": "EASEINOUTQUAD",
                "turn": 0,
                "rightItem":{
                    "y":1.0072121620178223
                }
            },
            {
                "tick":1,
                "easing": "EASEINOUTQUAD",
                "turn": 0,
                "rightItem":{
                    "pitch":1.003429889678955
                }
            },
            {
                "tick":1,
                "easing": "EASEINOUTQUAD",
                "turn": 0,
                "rightItem":{
                    "yaw":-0.02955356240272522
                }
            },
            {
                "tick":1,
                "easing": "EASEINOUTQUAD",
                "turn": 0,
                "rightItem":{
                    "roll":0.23910126090049744
                }
            }
        ]
    }
}