{
	"credit": "Model generated using MrCrayfish's Model Creator (http://mrcrayfish.com/modelcreator/)",
	"parent": "block/block",
	"textures": {
		"0": "toms_storage:block/inventory_block",
		"1": "toms_storage:block/terminal_side",
		"2": "toms_storage:block/terminal_front",
		"particle": "toms_storage:block/inventory_block"
	},
	"elements": [
		{
			"name": "back",
			"from": [0, 0, 0],
			"to": [16, 16, 7],
			"faces": {
				"north": {"uv": [0, 0, 16, 16], "texture": "#0", "cullface": "north"},
				"east": {"uv": [0, 0, 7, 16], "texture": "#1", "cullface": "east"},
				"south": {"uv": [0, 0, 16, 16], "texture": "#2"},
				"west": {"uv": [0, 0, 7, 16], "texture": "#1", "cullface": "west"},
				"up": {"uv": [0, 0, 7, 16], "rotation": 90, "texture": "#1", "cullface": "up"},
				"down": {"uv": [0, 0, 7, 16], "rotation": 90, "texture": "#1", "cullface": "down"}
			}
		}
	],
	"display": {
		"gui": {
			"rotation": [30, 45, 0],
			"translation": [2, -1, 0],
			"scale": [0.625, 0.625, 0.625]
		},
		"fixed": {
			"rotation": [0, 180, 0],
			"translation": [0, 0, -2],
			"scale": [0.5, 0.5, 0.5]
		}
	}
}